time,open,close
2023-06-10T18:45:00Z,30534,30540
2023-06-10T18:50:00Z,30536,30544
2023-06-10T18:55:00Z,30547,30538
2023-06-10T19:00:00Z,30541,30553
2023-06-10T19:05:00Z,30552,30546
2023-06-10T19:10:00Z,30542,30532
2023-06-10T19:15:00Z,30546,30490
2023-06-10T19:20:00Z,30501,30519
2023-06-10T19:25:00Z,30517,30509
2023-06-10T19:30:00Z,30510,30500
2023-06-10T19:35:00Z,30505,30514
2023-06-10T19:40:00Z,30509,30510
2023-06-10T19:45:00Z,30514,30510
2023-06-10T19:50:00Z,30512,30509
2023-06-10T19:55:00Z,30507,30523
2023-06-10T20:00:00Z,30522,30516
2023-06-10T20:05:00Z,30515,30528
2023-06-10T20:10:00Z,30529,30516
2023-06-10T20:15:00Z,30518,30505
2023-06-10T20:20:00Z,30504,30504
2023-06-10T20:25:00Z,30501,30515
2023-06-10T20:30:00Z,30517,30509
2023-06-10T20:35:00Z,30509,30531
2023-06-10T20:40:00Z,30529,30553
2023-06-10T20:45:00Z,30550,30523
2023-06-10T20:50:00Z,30524,30522
2023-06-10T20:55:00Z,30522,30508
2023-06-10T21:00:00Z,30508,30504
2023-06-10T21:05:00Z,30505,30496
2023-06-10T21:10:00Z,30499,30496
2023-06-10T21:15:00Z,30498,30498
2023-06-10T21:20:00Z,30498,30501
2023-06-10T21:25:00Z,30498,30495
2023-06-10T21:30:00Z,30498,30505
2023-06-10T21:35:00Z,30506,30485
2023-06-10T21:40:00Z,30484,30494
2023-06-10T21:45:00Z,30499,30487
2023-06-10T21:50:00Z,30483,30486
2023-06-10T21:55:00Z,30492,30496
2023-06-10T22:00:00Z,30496,30501
2023-06-10T22:05:00Z,30503,30504
2023-06-10T22:10:00Z,30511,30504
2023-06-10T22:15:00Z,30504,30494
2023-06-10T22:20:00Z,30498,30511
2023-06-10T22:25:00Z,30509,30499
2023-06-10T22:30:00Z,30497,30492
2023-06-10T22:35:00Z,30492,30481
2023-06-10T22:40:00Z,30480,30481
2023-06-10T22:45:00Z,30485,30490
2023-06-10T22:50:00Z,30487,30490
2023-06-10T22:55:00Z,30491,30501
2023-06-10T23:00:00Z,30500,30499
2023-06-10T23:05:00Z,30499,30510
2023-06-10T23:10:00Z,30510,30507
2023-06-10T23:15:00Z,30507,30506
2023-06-10T23:20:00Z,30506,30514
2023-06-10T23:25:00Z,30517,30517
2023-06-10T23:30:00Z,30516,30514
2023-06-10T23:35:00Z,30510,30507
2023-06-10T23:40:00Z,30506,30506
2023-06-10T23:45:00Z,30506,30521
2023-06-10T23:50:00Z,30522,30527
2023-06-10T23:55:00Z,30527,30545
2023-06-11T00:00:00Z,30543,30532
2023-06-11T00:05:00Z,30532,30530
2023-06-11T00:10:00Z,30531,30517
2023-06-11T00:15:00Z,30514,30500
2023-06-11T00:20:00Z,30500,30499
2023-06-11T00:25:00Z,30495,30503
2023-06-11T00:30:00Z,30502,30504
2023-06-11T00:35:00Z,30501,30488
2023-06-11T00:40:00Z,30488,30498
2023-06-11T00:45:00Z,30500,30510
2023-06-11T00:50:00Z,30509,30523
2023-06-11T00:55:00Z,30524,30525
2023-06-11T01:00:00Z,30528,30524
2023-06-11T01:05:00Z,30531,30532
2023-06-11T01:10:00Z,30531,30529
2023-06-11T01:15:00Z,30529,30529
2023-06-11T01:20:00Z,30529,30537
2023-06-11T01:25:00Z,30537,30538
2023-06-11T01:30:00Z,30536,30535
2023-06-11T01:35:00Z,30535,30522
2023-06-11T01:40:00Z,30517,30527
2023-06-11T01:45:00Z,30528,30536
2023-06-11T01:50:00Z,30536,30530
2023-06-11T01:55:00Z,30528,30532
2023-06-11T02:00:00Z,30525,30523
2023-06-11T02:05:00Z,30527,30530
2023-06-11T02:10:00Z,30530,30519
2023-06-11T02:15:00Z,30517,30514
2023-06-11T02:20:00Z,30515,30525
2023-06-11T02:25:00Z,30522,30519
2023-06-11T02:30:00Z,30519,30510
2023-06-11T02:35:00Z,30511,30514
2023-06-11T02:40:00Z,30516,30516
2023-06-11T02:45:00Z,30517,30515
2023-06-11T02:50:00Z,30516,30520
2023-06-11T02:55:00Z,30521,30523
2023-06-11T03:00:00Z,30520,30535
2023-06-11T03:05:00Z,30532,30529
2023-06-11T03:10:00Z,30531,30532
2023-06-11T03:15:00Z,30532,30520
2023-06-11T03:20:00Z,30522,30528
2023-06-11T03:25:00Z,30528,30538
2023-06-11T03:30:00Z,30537,30537
2023-06-11T03:35:00Z,30537,30538
2023-06-11T03:40:00Z,30538,30565
2023-06-11T03:45:00Z,30566,30543
2023-06-11T03:50:00Z,30539,30547
2023-06-11T03:55:00Z,30550,30550
2023-06-11T04:00:00Z,30549,30544
2023-06-11T04:05:00Z,30541,30540
2023-06-11T04:10:00Z,30539,30546
2023-06-11T04:15:00Z,30546,30544
2023-06-11T04:20:00Z,30544,30554
2023-06-11T04:25:00Z,30552,30529
2023-06-11T04:30:00Z,30529,30533
2023-06-11T04:35:00Z,30534,30519
2023-06-11T04:40:00Z,30519,30518
2023-06-11T04:45:00Z,30519,30523
2023-06-11T04:50:00Z,30528,30521
2023-06-11T04:55:00Z,30521,30522
2023-06-11T05:00:00Z,30519,30502
2023-06-11T05:05:00Z,30503,30500
2023-06-11T05:10:00Z,30496,30503
2023-06-11T05:15:00Z,30505,30500
2023-06-11T05:20:00Z,30503,30516
2023-06-11T05:25:00Z,30516,30516
2023-06-11T05:30:00Z,30511,30516
2023-06-11T05:35:00Z,30516,30520
2023-06-11T05:40:00Z,30519,30510
2023-06-11T05:45:00Z,30517,30520
2023-06-11T05:50:00Z,30519,30520
2023-06-11T05:55:00Z,30520,30525
2023-06-11T06:00:00Z,30522,30514
2023-06-11T06:05:00Z,30515,30533
2023-06-11T06:10:00Z,30534,30513
2023-06-11T06:15:00Z,30514,30528
2023-06-11T06:20:00Z,30528,30601
2023-06-11T06:25:00Z,30604,30562
2023-06-11T06:30:00Z,30564,30584
2023-06-11T06:35:00Z,30583,30601
2023-06-11T06:40:00Z,30596,30608
2023-06-11T06:45:00Z,30612,30584
2023-06-11T06:50:00Z,30587,30585
2023-06-11T06:55:00Z,30584,30556
2023-06-11T07:00:00Z,30576,30280
2023-06-11T07:05:00Z,30280,30461
2023-06-11T07:10:00Z,30460,30448
2023-06-11T07:15:00Z,30449,30526
2023-06-11T07:20:00Z,30525,30444
2023-06-11T07:25:00Z,30475,30503
2023-06-11T07:30:00Z,30503,30484
2023-06-11T07:35:00Z,30478,30495
2023-06-11T07:40:00Z,30496,30496
2023-06-11T07:45:00Z,30498,30496
2023-06-11T07:50:00Z,30505,30549
2023-06-11T07:55:00Z,30550,30638
2023-06-11T08:00:00Z,30625,30613
2023-06-11T08:05:00Z,30613,30565
2023-06-11T08:10:00Z,30569,30586
2023-06-11T08:15:00Z,30584,30577
2023-06-11T08:20:00Z,30583,30601
2023-06-11T08:25:00Z,30589,30581
2023-06-11T08:30:00Z,30579,30585
2023-06-11T08:35:00Z,30586,30568
2023-06-11T08:40:00Z,30573,30581
2023-06-11T08:45:00Z,30581,30581
2023-06-11T08:50:00Z,30584,30580
2023-06-11T08:55:00Z,30579,30572
2023-06-11T09:00:00Z,30565,30520
2023-06-11T09:05:00Z,30520,30535
2023-06-11T09:10:00Z,30544,30519
2023-06-11T09:15:00Z,30521,30519
2023-06-11T09:20:00Z,30519,30503
2023-06-11T09:25:00Z,30515,30521
2023-06-11T09:30:00Z,30518,30500
2023-06-11T09:35:00Z,30498,30450
2023-06-11T09:40:00Z,30435,30442
2023-06-11T09:45:00Z,30427,30470
2023-06-11T09:50:00Z,30466,30481
2023-06-11T09:55:00Z,30475,30493
2023-06-11T10:00:00Z,30491,30464
2023-06-11T10:05:00Z,30465,30467
2023-06-11T10:10:00Z,30467,30475
2023-06-11T10:15:00Z,30474,30474
2023-06-11T10:20:00Z,30475,30487
2023-06-11T10:25:00Z,30488,30481
2023-06-11T10:30:00Z,30477,30508
2023-06-11T10:35:00Z,30510,30530
2023-06-11T10:40:00Z,30518,30543
2023-06-11T10:45:00Z,30541,30543
2023-06-11T10:50:00Z,30542,30543
2023-06-11T10:55:00Z,30547,30531
2023-06-11T11:00:00Z,30536,30544
2023-06-11T11:05:00Z,30545,30562
2023-06-11T11:10:00Z,30563,30545
2023-06-11T11:15:00Z,30545,30536
2023-06-11T11:20:00Z,30554,30554
2023-06-11T11:25:00Z,30552,30552
2023-06-11T11:30:00Z,30541,30561
2023-06-11T11:35:00Z,30561,30564
2023-06-11T11:40:00Z,30564,30556
2023-06-11T11:45:00Z,30551,30545
2023-06-11T11:50:00Z,30545,30561
2023-06-11T11:55:00Z,30558,30554
2023-06-11T12:00:00Z,30556,30554
2023-06-11T12:05:00Z,30558,30566
2023-06-11T12:10:00Z,30565,30578
2023-06-11T12:15:00Z,30580,30582
2023-06-11T12:20:00Z,30584,30591
2023-06-11T12:25:00Z,30592,30617
2023-06-11T12:30:00Z,30613,30605
2023-06-11T12:35:00Z,30603,30592
2023-06-11T12:40:00Z,30595,30594
2023-06-11T12:45:00Z,30593,30586
2023-06-11T12:50:00Z,30586,30609
2023-06-11T12:55:00Z,30608,30588
2023-06-11T13:00:00Z,30589,30591
2023-06-11T13:05:00Z,30596,30603
2023-06-11T13:10:00Z,30605,30595
2023-06-11T13:15:00Z,30600,30588
2023-06-11T13:20:00Z,30594,30598
2023-06-11T13:25:00Z,30598,30570
2023-06-11T13:30:00Z,30572,30554
2023-06-11T13:35:00Z,30559,30561
2023-06-11T13:40:00Z,30566,30575
2023-06-11T13:45:00Z,30573,30585
2023-06-11T13:50:00Z,30585,30590
2023-06-11T13:55:00Z,30590,30611
2023-06-11T14:00:00Z,30611,30631
2023-06-11T14:05:00Z,30633,30701
2023-06-11T14:10:00Z,30697,30765
2023-06-11T14:15:00Z,30765,30735
2023-06-11T14:20:00Z,30742,30576
2023-06-11T14:25:00Z,30580,30598
2023-06-11T14:30:00Z,30594,30644
2023-06-11T14:35:00Z,30643,30650
2023-06-11T14:40:00Z,30650,30624
2023-06-11T14:45:00Z,30624,30614
2023-06-11T14:50:00Z,30605,30605
2023-06-11T14:55:00Z,30603,30572
2023-06-11T15:00:00Z,30574,30568
2023-06-11T15:05:00Z,30569,30600
2023-06-11T15:10:00Z,30594,30576
2023-06-11T15:15:00Z,30570,30563
2023-06-11T15:20:00Z,30565,30602
2023-06-11T15:25:00Z,30600,30575
2023-06-11T15:30:00Z,30573,30624
2023-06-11T15:35:00Z,30626,30616
2023-06-11T15:40:00Z,30616,30612
2023-06-11T15:45:00Z,30608,30636
2023-06-11T15:50:00Z,30634,30652
2023-06-11T15:55:00Z,30652,30678
2023-06-11T16:00:00Z,30678,30664
2023-06-11T16:05:00Z,30667,30670
2023-06-11T16:10:00Z,30667,30645
2023-06-11T16:15:00Z,30639,30617
2023-06-11T16:20:00Z,30607,30607
2023-06-11T16:25:00Z,30610,30605
2023-06-11T16:30:00Z,30607,30630
2023-06-11T16:35:00Z,30624,30642
2023-06-11T16:40:00Z,30641,30647
2023-06-11T16:45:00Z,30642,30660
2023-06-11T16:50:00Z,30659,30655
2023-06-11T16:55:00Z,30660,30652
2023-06-11T17:00:00Z,30662,30683
2023-06-11T17:05:00Z,30679,30693
2023-06-11T17:10:00Z,30699,30733
2023-06-11T17:15:00Z,30733,30707
2023-06-11T17:20:00Z,30706,30692
2023-06-11T17:25:00Z,30693,30669
2023-06-11T17:30:00Z,30671,30666
2023-06-11T17:35:00Z,30668,30661
2023-06-11T17:40:00Z,30660,30678
2023-06-11T17:45:00Z,30679,30731
2023-06-11T17:50:00Z,30733,30712
2023-06-11T17:55:00Z,30714,30722
2023-06-11T18:00:00Z,30722,30730
2023-06-11T18:05:00Z,30737,30751
2023-06-11T18:10:00Z,30751,30758
2023-06-11T18:15:00Z,30752,30764
2023-06-11T18:20:00Z,30764,30756
2023-06-11T18:25:00Z,30756,30741
2023-06-11T18:30:00Z,30741,30749
2023-06-11T18:35:00Z,30751,30759
2023-06-11T18:40:00Z,30753,30773
2023-06-11T18:45:00Z,30776,30761
2023-06-11T18:50:00Z,30761,30759
2023-06-11T18:55:00Z,30759,30764
2023-06-11T19:00:00Z,30764,30768
2023-06-11T19:05:00Z,30768,30779
2023-06-11T19:10:00Z,30779,30766
2023-06-11T19:15:00Z,30764,30761
2023-06-11T19:20:00Z,30761,30777
2023-06-11T19:25:00Z,30776,30782
2023-06-11T19:30:00Z,30782,30781
2023-06-11T19:35:00Z,30777,30760
2023-06-11T19:40:00Z,30760,30778
2023-06-11T19:45:00Z,30778,30786
2023-06-11T19:50:00Z,30790,30741
2023-06-11T19:55:00Z,30742,30741
2023-06-11T20:00:00Z,30741,30714
2023-06-11T20:05:00Z,30720,30735
2023-06-11T20:10:00Z,30726,30735
2023-06-11T20:15:00Z,30722,30714
2023-06-11T20:20:00Z,30712,30708
2023-06-11T20:25:00Z,30708,30699
2023-06-11T20:30:00Z,30697,30700
2023-06-11T20:35:00Z,30698,30674
2023-06-11T20:40:00Z,30674,30678
2023-06-11T20:45:00Z,30678,30673
2023-06-11T20:50:00Z,30672,30688
2023-06-11T20:55:00Z,30691,30703
2023-06-11T21:00:00Z,30703,30676
2023-06-11T21:05:00Z,30677,30688
2023-06-11T21:10:00Z,30691,30678
2023-06-11T21:15:00Z,30675,30686
2023-06-11T21:20:00Z,30697,30686
2023-06-11T21:25:00Z,30685,30680
2023-06-11T21:30:00Z,30681,30677
2023-06-11T21:35:00Z,30675,30671
2023-06-11T21:40:00Z,30671,30667
2023-06-11T21:45:00Z,30667,30669
2023-06-11T21:50:00Z,30669,30639
2023-06-11T21:55:00Z,30642,30662
2023-06-11T22:00:00Z,30653,30631
2023-06-11T22:05:00Z,30629,30638
2023-06-11T22:10:00Z,30637,30634
2023-06-11T22:15:00Z,30635,30652
2023-06-11T22:20:00Z,30652,30661
2023-06-11T22:25:00Z,30660,30648
2023-06-11T22:30:00Z,30645,30648
2023-06-11T22:35:00Z,30650,30649
2023-06-11T22:40:00Z,30646,30662
2023-06-11T22:45:00Z,30664,30644
2023-06-11T22:50:00Z,30639,30650
2023-06-11T22:55:00Z,30648,30684
2023-06-11T23:00:00Z,30686,30677
2023-06-11T23:05:00Z,30682,30709
2023-06-11T23:10:00Z,30709,30683
2023-06-11T23:15:00Z,30686,30740
2023-06-11T23:20:00Z,30742,30729
2023-06-11T23:25:00Z,30726,30705
2023-06-11T23:30:00Z,30701,30669
2023-06-11T23:35:00Z,30669,30676
2023-06-11T23:40:00Z,30673,30657
2023-06-11T23:45:00Z,30672,30689
2023-06-11T23:50:00Z,30689,30678
2023-06-11T23:55:00Z,30677,30648
2023-06-12T00:00:00Z,30650,30634
2023-06-12T00:05:00Z,30626,30623
2023-06-12T00:10:00Z,30626,30619
2023-06-12T00:15:00Z,30618,30660
2023-06-12T00:20:00Z,30656,30638
2023-06-12T00:25:00Z,30635,30644
2023-06-12T00:30:00Z,30644,30636
2023-06-12T00:35:00Z,30635,30646
2023-06-12T00:40:00Z,30647,30658
2023-06-12T00:45:00Z,30656,30661
2023-06-12T00:50:00Z,30663,30667
2023-06-12T00:55:00Z,30666,30668
2023-06-12T01:00:00Z,30663,30664
2023-06-12T01:05:00Z,30665,30665
2023-06-12T01:10:00Z,30666,30651
2023-06-12T01:15:00Z,30646,30655
2023-06-12T01:20:00Z,30655,30644
2023-06-12T01:25:00Z,30645,30641
2023-06-12T01:30:00Z,30638,30625
2023-06-12T01:35:00Z,30624,30611
2023-06-12T01:40:00Z,30610,30587
2023-06-12T01:45:00Z,30587,30622
2023-06-12T01:50:00Z,30622,30623
2023-06-12T01:55:00Z,30622,30621
2023-06-12T02:00:00Z,30622,30622
2023-06-12T02:05:00Z,30622,30621
2023-06-12T02:10:00Z,30623,30623
2023-06-12T02:15:00Z,30623,30623
2023-06-12T02:20:00Z,30624,30624
2023-06-12T02:25:00Z,30660,30627
2023-06-12T02:30:00Z,30628,30628
2023-06-12T02:35:00Z,30628,30629
2023-06-12T02:40:00Z,30630,30648
2023-06-12T02:45:00Z,30644,30681
2023-06-12T02:50:00Z,30680,30647
2023-06-12T02:55:00Z,30647,30654
2023-06-12T03:00:00Z,30662,30683
2023-06-12T03:05:00Z,30684,30698
2023-06-12T03:10:00Z,30702,30680
2023-06-12T03:15:00Z,30684,30680
2023-06-12T03:20:00Z,30680,30690
2023-06-12T03:25:00Z,30690,30679
2023-06-12T03:30:00Z,30676,30703
2023-06-12T03:35:00Z,30704,30700
2023-06-12T03:40:00Z,30698,30749
2023-06-12T03:45:00Z,30748,30715
2023-06-12T03:50:00Z,30715,30735
2023-06-12T03:55:00Z,30728,30737
2023-06-12T04:00:00Z,30737,30912
2023-06-12T04:05:00Z,30906,30902
2023-06-12T04:10:00Z,30909,30924
2023-06-12T04:15:00Z,30920,30856
2023-06-12T04:20:00Z,30856,30914
2023-06-12T04:25:00Z,30914,30953
2023-06-12T04:30:00Z,30949,31058
2023-06-12T04:35:00Z,31059,30987
2023-06-12T04:40:00Z,30980,31070
2023-06-12T04:45:00Z,31062,31102
2023-06-12T04:50:00Z,31102,31059
2023-06-12T04:55:00Z,31049,31064
2023-06-12T05:00:00Z,31070,31074
2023-06-12T05:05:00Z,31074,30949
2023-06-12T05:10:00Z,30941,30954
2023-06-12T05:15:00Z,30954,31019
2023-06-12T05:20:00Z,31019,31000
2023-06-12T05:25:00Z,31005,31000
2023-06-12T05:30:00Z,31000,30988
2023-06-12T05:35:00Z,30978,30944
2023-06-12T05:40:00Z,30971,30970
2023-06-12T05:45:00Z,30970,31002
2023-06-12T05:50:00Z,31004,31033
2023-06-12T05:55:00Z,31028,31048
2023-06-12T06:00:00Z,31048,30984
2023-06-12T06:05:00Z,30989,30983
2023-06-12T06:10:00Z,30978,30937
2023-06-12T06:15:00Z,30937,30969
2023-06-12T06:20:00Z,30976,30965
2023-06-12T06:25:00Z,30964,31011
2023-06-12T06:30:00Z,31004,30991
2023-06-12T06:35:00Z,30989,31045
2023-06-12T06:40:00Z,31046,31028
2023-06-12T06:45:00Z,31024,31023
2023-06-12T06:50:00Z,31035,31040
2023-06-12T06:55:00Z,31037,31009
2023-06-12T07:00:00Z,31009,31020
2023-06-12T07:05:00Z,31019,31023
2023-06-12T07:10:00Z,31023,31050
2023-06-12T07:15:00Z,31049,31039
2023-06-12T07:20:00Z,31038,31030
2023-06-12T07:25:00Z,31035,31010
2023-06-12T07:30:00Z,31027,31010
2023-06-12T07:35:00Z,31010,31031
2023-06-12T07:40:00Z,31027,31098
2023-06-12T07:45:00Z,31102,31120
2023-06-12T07:50:00Z,31124,31176
2023-06-12T07:55:00Z,31173,31212
2023-06-12T08:00:00Z,31206,31210
2023-06-12T08:05:00Z,31206,31156
2023-06-12T08:10:00Z,31156,31150
2023-06-12T08:15:00Z,31132,31191
2023-06-12T08:20:00Z,31186,31232
2023-06-12T08:25:00Z,31232,31322
2023-06-12T08:30:00Z,31331,31275
2023-06-12T08:35:00Z,31299,31316
2023-06-12T08:40:00Z,31322,31291
2023-06-12T08:45:00Z,31298,31315
2023-06-12T08:50:00Z,31316,31319
2023-06-12T08:55:00Z,31326,31258
2023-06-12T09:00:00Z,31259,31245
2023-06-12T09:05:00Z,31266,31286
2023-06-12T09:10:00Z,31284,31259
2023-06-12T09:15:00Z,31256,31204
2023-06-12T09:20:00Z,31212,31221
2023-06-12T09:25:00Z,31217,31232
2023-06-12T09:30:00Z,31231,31204
2023-06-12T09:35:00Z,31206,31173
2023-06-12T09:40:00Z,31171,31177
2023-06-12T09:45:00Z,31177,31135
2023-06-12T09:50:00Z,31139,31135
2023-06-12T09:55:00Z,31138,31128
2023-06-12T10:00:00Z,31130,31075
2023-06-12T10:05:00Z,31080,31113
2023-06-12T10:10:00Z,31115,31093
2023-06-12T10:15:00Z,31093,31067
2023-06-12T10:20:00Z,31070,31038
2023-06-12T10:25:00Z,31037,31044
2023-06-12T10:30:00Z,31019,31070
2023-06-12T10:35:00Z,31055,31057
2023-06-12T10:40:00Z,31058,31088
2023-06-12T10:45:00Z,31088,31043
2023-06-12T10:50:00Z,31042,31061
2023-06-12T10:55:00Z,31058,31051
2023-06-12T11:00:00Z,31048,31089
2023-06-12T11:05:00Z,31082,31060
2023-06-12T11:10:00Z,31055,31073
2023-06-12T11:15:00Z,31071,31132
2023-06-12T11:20:00Z,31122,31120
2023-06-12T11:25:00Z,31120,31132
2023-06-12T11:30:00Z,31138,31114
2023-06-12T11:35:00Z,31114,31108
2023-06-12T11:40:00Z,31107,31110
2023-06-12T11:45:00Z,31110,31115
2023-06-12T11:50:00Z,31114,31138
2023-06-12T11:55:00Z,31138,31128
2023-06-12T12:00:00Z,31141,31133
2023-06-12T12:05:00Z,31124,31138
2023-06-12T12:10:00Z,31125,31112
2023-06-12T12:15:00Z,31112,31121
2023-06-12T12:20:00Z,31119,31119
2023-06-12T12:25:00Z,31120,31118
2023-06-12T12:30:00Z,31115,31122
2023-06-12T12:35:00Z,31124,31127
2023-06-12T12:40:00Z,31129,31128
2023-06-12T12:45:00Z,31133,31136
2023-06-12T12:50:00Z,31137,31160
2023-06-12T12:55:00Z,31160,31158
2023-06-12T13:00:00Z,31165,31149
2023-06-12T13:05:00Z,31147,31162
2023-06-12T13:10:00Z,31159,31144
2023-06-12T13:15:00Z,31145,31152
2023-06-12T13:20:00Z,31146,31132
2023-06-12T13:25:00Z,31134,31154
2023-06-12T13:30:00Z,31152,31131
2023-06-12T13:35:00Z,31147,31149
2023-06-12T13:40:00Z,31149,31176
2023-06-12T13:45:00Z,31180,31146
2023-06-12T13:50:00Z,31147,31133
2023-06-12T13:55:00Z,31131,31122
2023-06-12T14:00:00Z,31121,31136
2023-06-12T14:05:00Z,31135,31136
2023-06-12T14:10:00Z,31134,31142
2023-06-12T14:15:00Z,31142,31158
2023-06-12T14:20:00Z,31158,31162
2023-06-12T14:25:00Z,31162,31211
2023-06-12T14:30:00Z,31207,31206
2023-06-12T14:35:00Z,31203,31257
2023-06-12T14:40:00Z,31255,31266
2023-06-12T14:45:00Z,31288,31277
2023-06-12T14:50:00Z,31277,31292
2023-06-12T14:55:00Z,31296,31293
2023-06-12T15:00:00Z,31290,31327
2023-06-12T15:05:00Z,31325,31274
2023-06-12T15:10:00Z,31270,31265
2023-06-12T15:15:00Z,31265,31271
2023-06-12T15:20:00Z,31275,31278
2023-06-12T15:25:00Z,31274,31277
2023-06-12T15:30:00Z,31280,31262
2023-06-12T15:35:00Z,31262,31264
2023-06-12T15:40:00Z,31263,31219
2023-06-12T15:45:00Z,31227,31228
2023-06-12T15:50:00Z,31219,31247
2023-06-12T15:55:00Z,31253,31268
2023-06-12T16:00:00Z,31269,31243
2023-06-12T16:05:00Z,31231,31237
2023-06-12T16:10:00Z,31236,31236
2023-06-12T16:15:00Z,31245,31207
2023-06-12T16:20:00Z,31210,31230
2023-06-12T16:25:00Z,31230,31203
2023-06-12T16:30:00Z,31208,31206
2023-06-12T16:35:00Z,31220,31255
2023-06-12T16:40:00Z,31259,31246
2023-06-12T16:45:00Z,31243,31243
2023-06-12T16:50:00Z,31246,31206
2023-06-12T16:55:00Z,31202,31198
2023-06-12T17:00:00Z,31205,31200
2023-06-12T17:05:00Z,31194,31195
2023-06-12T17:10:00Z,31192,31171
2023-06-12T17:15:00Z,31168,31135
2023-06-12T17:20:00Z,31132,31147
2023-06-12T17:25:00Z,31143,31129
2023-06-12T17:30:00Z,31127,31105
2023-06-12T17:35:00Z,31108,31071
2023-06-12T17:40:00Z,31073,31048
2023-06-12T17:45:00Z,31046,31071
2023-06-12T17:50:00Z,31070,31048
2023-06-12T17:55:00Z,31054,31057
2023-06-12T18:00:00Z,31067,31108
2023-06-12T18:05:00Z,31085,31046
2023-06-12T18:10:00Z,31046,31068
2023-06-12T18:15:00Z,31073,31075
2023-06-12T18:20:00Z,31075,31081
2023-06-12T18:25:00Z,31079,31070
2023-06-12T18:30:00Z,31062,31050
2023-06-12T18:35:00Z,31060,31062
2023-06-12T18:40:00Z,31067,31023
2023-06-12T18:45:00Z,31020,31019
2023-06-12T18:50:00Z,31022,31013
2023-06-12T18:55:00Z,31013,30983
2023-06-12T19:00:00Z,30982,30922
2023-06-12T19:05:00Z,30925,30969
2023-06-12T19:10:00Z,30971,31012
2023-06-12T19:15:00Z,31016,31022
2023-06-12T19:20:00Z,31022,31030
2023-06-12T19:25:00Z,31031,31053
2023-06-12T19:30:00Z,31051,31037
2023-06-12T19:35:00Z,31037,31028
2023-06-12T19:40:00Z,31020,31019
2023-06-12T19:45:00Z,31020,31017
2023-06-12T19:50:00Z,31017,31009
2023-06-12T19:55:00Z,31013,31011
2023-06-12T20:00:00Z,31010,31000
2023-06-12T20:05:00Z,31006,31008
2023-06-12T20:10:00Z,31012,31013
2023-06-12T20:15:00Z,31011,31027
2023-06-12T20:20:00Z,31024,31040
2023-06-12T20:25:00Z,31036,31039
2023-06-12T20:30:00Z,31033,31020
2023-06-12T20:35:00Z,31018,31013
2023-06-12T20:40:00Z,31009,30981
2023-06-12T20:45:00Z,30980,30946
2023-06-12T20:50:00Z,30945,30923
2023-06-12T20:55:00Z,30923,30915
2023-06-12T21:00:00Z,30913,30957
2023-06-12T21:05:00Z,30959,30960
2023-06-12T21:10:00Z,30960,30964
2023-06-12T21:15:00Z,30965,30959
2023-06-12T21:20:00Z,30958,30983
2023-06-12T21:25:00Z,30977,30981
2023-06-12T21:30:00Z,30982,30981
2023-06-12T21:35:00Z,30981,30981
2023-06-12T21:40:00Z,30980,30957
2023-06-12T21:45:00Z,30957,30933
2023-06-12T21:50:00Z,30927,30935
2023-06-12T21:55:00Z,30934,30940
2023-06-12T22:00:00Z,30936,30896
2023-06-12T22:05:00Z,30895,30954
2023-06-12T22:10:00Z,30957,31000
2023-06-12T22:15:00Z,31012,31024
2023-06-12T22:20:00Z,31025,31019
2023-06-12T22:25:00Z,31030,31022
2023-06-12T22:30:00Z,31021,31016
2023-06-12T22:35:00Z,31013,30970
2023-06-12T22:40:00Z,30967,30980
2023-06-12T22:45:00Z,30988,31003
2023-06-12T22:50:00Z,31008,31023
2023-06-12T22:55:00Z,31023,31027
2023-06-12T23:00:00Z,31026,31031
2023-06-12T23:05:00Z,31029,31040
2023-06-12T23:10:00Z,31034,31027
2023-06-12T23:15:00Z,31026,31017
2023-06-12T23:20:00Z,31017,31010
2023-06-12T23:25:00Z,31015,31010
2023-06-12T23:30:00Z,31011,30980
2023-06-12T23:35:00Z,30980,30956
2023-06-12T23:40:00Z,30954,31040
2023-06-12T23:45:00Z,31037,31050
2023-06-12T23:50:00Z,31051,31039
2023-06-12T23:55:00Z,31041,31032
2023-06-13T00:00:00Z,31032,31023
2023-06-13T00:05:00Z,31024,31023
2023-06-13T00:10:00Z,31021,31019
2023-06-13T00:15:00Z,31018,31012
2023-06-13T00:20:00Z,31020,31034
2023-06-13T00:25:00Z,31030,31055
2023-06-13T00:30:00Z,31057,31069
2023-06-13T00:35:00Z,31069,31038
2023-06-13T00:40:00Z,31040,31029
2023-06-13T00:45:00Z,31028,31046
2023-06-13T00:50:00Z,31034,31021
2023-06-13T00:55:00Z,31028,31074
2023-06-13T01:00:00Z,31074,31027
2023-06-13T01:05:00Z,31026,31056
2023-06-13T01:10:00Z,31042,31046
2023-06-13T01:15:00Z,31043,31082
2023-06-13T01:20:00Z,31083,31068
2023-06-13T01:25:00Z,31063,31051
2023-06-13T01:30:00Z,31051,31055
2023-06-13T01:35:00Z,31047,31049
2023-06-13T01:40:00Z,31048,31050
2023-06-13T01:45:00Z,31041,31039
2023-06-13T01:50:00Z,31039,31051
2023-06-13T01:55:00Z,31063,31057
2023-06-13T02:00:00Z,31056,31055
2023-06-13T02:05:00Z,31050,31028
2023-06-13T02:10:00Z,31036,31024
2023-06-13T02:15:00Z,31022,31047
2023-06-13T02:20:00Z,31041,31034
2023-06-13T02:25:00Z,31035,31042
2023-06-13T02:30:00Z,31039,31046
2023-06-13T02:35:00Z,31049,31048
2023-06-13T02:40:00Z,31048,31048
2023-06-13T02:45:00Z,31051,31028
2023-06-13T02:50:00Z,31033,31009
2023-06-13T02:55:00Z,31012,31008
2023-06-13T03:00:00Z,31010,30987
2023-06-13T03:05:00Z,30991,31031
2023-06-13T03:10:00Z,31025,31008
2023-06-13T03:15:00Z,31008,31015
2023-06-13T03:20:00Z,31015,31017
2023-06-13T03:25:00Z,31017,31023
2023-06-13T03:30:00Z,31023,31040
2023-06-13T03:35:00Z,31040,31024
2023-06-13T03:40:00Z,31020,30984
2023-06-13T03:45:00Z,30986,31002
2023-06-13T03:50:00Z,31001,30982
2023-06-13T03:55:00Z,30983,30979
2023-06-13T04:00:00Z,30982,30969
2023-06-13T04:05:00Z,30970,30957
2023-06-13T04:10:00Z,30952,30989
2023-06-13T04:15:00Z,30979,31011
2023-06-13T04:20:00Z,31011,30986
2023-06-13T04:25:00Z,30981,30941
2023-06-13T04:30:00Z,30936,30956
2023-06-13T04:35:00Z,30957,30929
2023-06-13T04:40:00Z,30923,30938
2023-06-13T04:45:00Z,30938,30939
2023-06-13T04:50:00Z,30937,30959
2023-06-13T04:55:00Z,30955,30962
2023-06-13T05:00:00Z,30961,30962
2023-06-13T05:05:00Z,30962,30962
2023-06-13T05:10:00Z,30962,30961
2023-06-13T05:15:00Z,30961,31007
2023-06-13T05:20:00Z,31007,31037
2023-06-13T05:25:00Z,31037,31048
2023-06-13T05:30:00Z,31049,31043
2023-06-13T05:35:00Z,31048,31054
2023-06-13T05:40:00Z,31055,31028
2023-06-13T05:45:00Z,31027,30933
2023-06-13T05:50:00Z,30933,30947
2023-06-13T05:55:00Z,30947,30955
2023-06-13T06:00:00Z,30955,30955
2023-06-13T06:05:00Z,30955,30940
2023-06-13T06:10:00Z,30938,30918
2023-06-13T06:15:00Z,30921,30905
2023-06-13T06:20:00Z,30907,30928
2023-06-13T06:25:00Z,30928,30933
2023-06-13T06:30:00Z,30938,30925
2023-06-13T06:35:00Z,30925,30921
2023-06-13T06:40:00Z,30920,30899
2023-06-13T06:45:00Z,30898,30925
2023-06-13T06:50:00Z,30924,30886
2023-06-13T06:55:00Z,30892,30897
2023-06-13T07:00:00Z,30879,30869
2023-06-13T07:05:00Z,30863,30877
2023-06-13T07:10:00Z,30876,30855
2023-06-13T07:15:00Z,30858,30887
2023-06-13T07:20:00Z,30887,30900
2023-06-13T07:25:00Z,30900,30927
2023-06-13T07:30:00Z,30926,30929
2023-06-13T07:35:00Z,30929,30930
2023-06-13T07:40:00Z,30930,30905
2023-06-13T07:45:00Z,30909,30918
2023-06-13T07:50:00Z,30905,30901
2023-06-13T07:55:00Z,30898,30905
2023-06-13T08:00:00Z,30901,30878
2023-06-13T08:05:00Z,30877,30870
2023-06-13T08:10:00Z,30849,30790
2023-06-13T08:15:00Z,30792,30796
2023-06-13T08:20:00Z,30793,30737
2023-06-13T08:25:00Z,30736,30716
2023-06-13T08:30:00Z,30704,30697
2023-06-13T08:35:00Z,30701,30690
2023-06-13T08:40:00Z,30676,30742
2023-06-13T08:45:00Z,30737,30745
2023-06-13T08:50:00Z,30745,30782
2023-06-13T08:55:00Z,30782,30708
2023-06-13T09:00:00Z,30700,30727
2023-06-13T09:05:00Z,30728,30725
2023-06-13T09:10:00Z,30726,30753
2023-06-13T09:15:00Z,30733,30757
2023-06-13T09:20:00Z,30750,30759
2023-06-13T09:25:00Z,30759,30763
2023-06-13T09:30:00Z,30762,30748
2023-06-13T09:35:00Z,30748,30785
2023-06-13T09:40:00Z,30775,30770
2023-06-13T09:45:00Z,30774,30782
2023-06-13T09:50:00Z,30778,30794
2023-06-13T09:55:00Z,30797,30807
2023-06-13T10:00:00Z,30810,30812
2023-06-13T10:05:00Z,30806,30798
2023-06-13T10:10:00Z,30804,30810
2023-06-13T10:15:00Z,30797,30796
2023-06-13T10:20:00Z,30799,30801
2023-06-13T10:25:00Z,30797,30803
2023-06-13T10:30:00Z,30804,30767
2023-06-13T10:35:00Z,30786,30774
2023-06-13T10:40:00Z,30774,30799
2023-06-13T10:45:00Z,30799,30809
2023-06-13T10:50:00Z,30809,30815
2023-06-13T10:55:00Z,30813,30803
2023-06-13T11:00:00Z,30804,30806
2023-06-13T11:05:00Z,30806,30806
2023-06-13T11:10:00Z,30808,30807
2023-06-13T11:15:00Z,30809,30801
2023-06-13T11:20:00Z,30802,30799
2023-06-13T11:25:00Z,30797,30793
2023-06-13T11:30:00Z,30793,30786
2023-06-13T11:35:00Z,30785,30782
2023-06-13T11:40:00Z,30781,30782
2023-06-13T11:45:00Z,30780,30795
2023-06-13T11:50:00Z,30795,30801
2023-06-13T11:55:00Z,30799,30822
2023-06-13T12:00:00Z,30828,30829
2023-06-13T12:05:00Z,30829,30829
2023-06-13T12:10:00Z,30829,30817
2023-06-13T12:15:00Z,30815,30786
2023-06-13T12:20:00Z,30785,30803
2023-06-13T12:25:00Z,30802,30815
2023-06-13T12:30:00Z,30815,30813
2023-06-13T12:35:00Z,30814,30821
2023-06-13T12:40:00Z,30823,30808
2023-06-13T12:45:00Z,30810,30793
2023-06-13T12:50:00Z,30799,30769
2023-06-13T12:55:00Z,30775,30771
2023-06-13T13:00:00Z,30767,30786
2023-06-13T13:05:00Z,30786,30797
2023-06-13T13:10:00Z,30797,30785
2023-06-13T13:15:00Z,30784,30807
2023-06-13T13:20:00Z,30807,30807
2023-06-13T13:25:00Z,30807,30807
2023-06-13T13:30:00Z,30807,30806
2023-06-13T13:35:00Z,30806,30787
2023-06-13T13:40:00Z,30787,30787
2023-06-13T13:45:00Z,30787,30776
2023-06-13T13:50:00Z,30775,30767
2023-06-13T13:55:00Z,30768,30758
2023-06-13T14:00:00Z,30758,30768
2023-06-13T14:05:00Z,30768,30795
2023-06-13T14:10:00Z,30789,30799
2023-06-13T14:15:00Z,30799,30814
2023-06-13T14:20:00Z,30813,30817
2023-06-13T14:25:00Z,30816,30820
2023-06-13T14:30:00Z,30821,30816
2023-06-13T14:35:00Z,30821,30821
2023-06-13T14:40:00Z,30821,30818
2023-06-13T14:45:00Z,30817,30800
2023-06-13T14:50:00Z,30800,30794
2023-06-13T14:55:00Z,30793,30795
2023-06-13T15:00:00Z,30794,30794
2023-06-13T15:05:00Z,30800,30814
2023-06-13T15:10:00Z,30815,30835
2023-06-13T15:15:00Z,30836,30836
2023-06-13T15:20:00Z,30836,30836
2023-06-13T15:25:00Z,30836,30836
2023-06-13T15:30:00Z,30835,30847
2023-06-13T15:35:00Z,30847,30847
2023-06-13T15:40:00Z,30847,30835
2023-06-13T15:45:00Z,30833,30834
2023-06-13T15:50:00Z,30836,30831
2023-06-13T15:55:00Z,30831,30836
2023-06-13T16:00:00Z,30838,30851
2023-06-13T16:05:00Z,30851,30851
2023-06-13T16:10:00Z,30849,30851
2023-06-13T16:15:00Z,30851,30832
2023-06-13T16:20:00Z,30833,30845
2023-06-13T16:25:00Z,30849,30847
2023-06-13T16:30:00Z,30845,30838
2023-06-13T16:35:00Z,30846,30841
2023-06-13T16:40:00Z,30842,30837
2023-06-13T16:45:00Z,30837,30834
2023-06-13T16:50:00Z,30845,30855
2023-06-13T16:55:00Z,30855,30853
2023-06-13T17:00:00Z,30855,30852
2023-06-13T17:05:00Z,30852,30828
2023-06-13T17:10:00Z,30829,30838
2023-06-13T17:15:00Z,30838,30845
2023-06-13T17:20:00Z,30845,30845
2023-06-13T17:25:00Z,30845,30845
2023-06-13T17:30:00Z,30845,30840
2023-06-13T17:35:00Z,30840,30844
2023-06-13T17:40:00Z,30843,30831
2023-06-13T17:45:00Z,30832,30828
2023-06-13T17:50:00Z,30828,30825
2023-06-13T17:55:00Z,30832,30836
2023-06-13T18:00:00Z,30830,30840
2023-06-13T18:05:00Z,30839,30852
2023-06-13T18:10:00Z,30852,30857
2023-06-13T18:15:00Z,30857,30860
2023-06-13T18:20:00Z,30853,30851
2023-06-13T18:25:00Z,30860,30864
2023-06-13T18:30:00Z,30855,30850
2023-06-13T18:35:00Z,30850,30841
2023-06-13T18:40:00Z,30841,30828
2023-06-13T18:45:00Z,30827,30829
2023-06-13T18:50:00Z,30834,30813
2023-06-13T18:55:00Z,30812,30810
2023-06-13T19:00:00Z,30810,30797
2023-06-13T19:05:00Z,30798,30806
2023-06-13T19:10:00Z,30803,30829
2023-06-13T19:15:00Z,30816,30826
2023-06-13T19:20:00Z,30826,30823
2023-06-13T19:25:00Z,30822,30782
2023-06-13T19:30:00Z,30781,30794
2023-06-13T19:35:00Z,30797,30809
2023-06-13T19:40:00Z,30806,30809
2023-06-13T19:45:00Z,30808,30794
2023-06-13T19:50:00Z,30807,30813
2023-06-13T19:55:00Z,30809,30812
2023-06-13T20:00:00Z,30814,30804
2023-06-13T20:05:00Z,30804,30808
2023-06-13T20:10:00Z,30813,30812
2023-06-13T20:15:00Z,30809,30804
2023-06-13T20:20:00Z,30803,30788
2023-06-13T20:25:00Z,30787,30785
2023-06-13T20:30:00Z,30785,30780
2023-06-13T20:35:00Z,30779,30778
2023-06-13T20:40:00Z,30783,30779
2023-06-13T20:45:00Z,30779,30777
2023-06-13T20:50:00Z,30777,30774
2023-06-13T20:55:00Z,30773,30770
2023-06-13T21:00:00Z,30762,30769
2023-06-13T21:05:00Z,30765,30768
2023-06-13T21:10:00Z,30768,30762
2023-06-13T21:15:00Z,30760,30700
2023-06-13T21:20:00Z,30700,30705
2023-06-13T21:25:00Z,30701,30736
2023-06-13T21:30:00Z,30736,30766
2023-06-13T21:35:00Z,30766,30776
2023-06-13T21:40:00Z,30775,30763
2023-06-13T21:45:00Z,30757,30740
2023-06-13T21:50:00Z,30743,30767
2023-06-13T21:55:00Z,30767,30765
2023-06-13T22:00:00Z,30761,30769
2023-06-13T22:05:00Z,30770,30772
2023-06-13T22:10:00Z,30769,30744
2023-06-13T22:15:00Z,30752,30751
2023-06-13T22:20:00Z,30747,30734
2023-06-13T22:25:00Z,30734,30729
2023-06-13T22:30:00Z,30738,30739
2023-06-13T22:35:00Z,30739,30736
2023-06-13T22:40:00Z,30735,30719
2023-06-13T22:45:00Z,30711,30709
2023-06-13T22:50:00Z,30709,30691
2023-06-13T22:55:00Z,30688,30683
2023-06-13T23:00:00Z,30683,30690
2023-06-13T23:05:00Z,30694,30689
2023-06-13T23:10:00Z,30682,30656
2023-06-13T23:15:00Z,30657,30689
2023-06-13T23:20:00Z,30689,30700
2023-06-13T23:25:00Z,30696,30668
2023-06-13T23:30:00Z,30668,30610
2023-06-13T23:35:00Z,30603,30516
2023-06-13T23:40:00Z,30503,30538
2023-06-13T23:45:00Z,30540,30523
2023-06-13T23:50:00Z,30523,30528
2023-06-13T23:55:00Z,30523,30435
2023-06-14T00:00:00Z,30411,30478
2023-06-14T00:05:00Z,30475,30468
2023-06-14T00:10:00Z,30471,30439
2023-06-14T00:15:00Z,30442,30482
2023-06-14T00:20:00Z,30464,30444
2023-06-14T00:25:00Z,30443,30439
2023-06-14T00:30:00Z,30439,30400
2023-06-14T00:35:00Z,30400,30436
2023-06-14T00:40:00Z,30436,30459
2023-06-14T00:45:00Z,30454,30469
2023-06-14T00:50:00Z,30466,30433
2023-06-14T00:55:00Z,30425,30406
2023-06-14T01:00:00Z,30398,30430
2023-06-14T01:05:00Z,30434,30384
2023-06-14T01:10:00Z,30393,30373
2023-06-14T01:15:00Z,30372,30377
2023-06-14T01:20:00Z,30376,30422
2023-06-14T01:25:00Z,30414,30390
2023-06-14T01:30:00Z,30392,30425
2023-06-14T01:35:00Z,30421,30404
2023-06-14T01:40:00Z,30403,30387
2023-06-14T01:45:00Z,30376,30369
2023-06-14T01:50:00Z,30359,30354
2023-06-14T01:55:00Z,30353,30320
2023-06-14T02:00:00Z,30317,30300
2023-06-14T02:05:00Z,30289,30267
2023-06-14T02:10:00Z,30288,30284
2023-06-14T02:15:00Z,30284,30312
2023-06-14T02:20:00Z,30305,30281
2023-06-14T02:25:00Z,30281,30227
2023-06-14T02:30:00Z,30224,30274
2023-06-14T02:35:00Z,30274,30283
2023-06-14T02:40:00Z,30286,30372
2023-06-14T02:45:00Z,30374,30347
2023-06-14T02:50:00Z,30344,30378
2023-06-14T02:55:00Z,30378,30360
2023-06-14T03:00:00Z,30359,30404
2023-06-14T03:05:00Z,30405,30381
2023-06-14T03:10:00Z,30377,30348
2023-06-14T03:15:00Z,30363,30408
2023-06-14T03:20:00Z,30405,30394
2023-06-14T03:25:00Z,30381,30396
2023-06-14T03:30:00Z,30395,30431
2023-06-14T03:35:00Z,30431,30409
2023-06-14T03:40:00Z,30423,30434
2023-06-14T03:45:00Z,30437,30396
2023-06-14T03:50:00Z,30396,30433
2023-06-14T03:55:00Z,30436,30415
2023-06-14T04:00:00Z,30417,30380
2023-06-14T04:05:00Z,30379,30359
2023-06-14T04:10:00Z,30357,30339
2023-06-14T04:15:00Z,30339,30318
2023-06-14T04:20:00Z,30312,30366
2023-06-14T04:25:00Z,30360,30376
2023-06-14T04:30:00Z,30375,30282
2023-06-14T04:35:00Z,30284,30279
2023-06-14T04:40:00Z,30278,30330
2023-06-14T04:45:00Z,30330,30330
2023-06-14T04:50:00Z,30329,30356
2023-06-14T04:55:00Z,30355,30356
2023-06-14T05:00:00Z,30353,30375
2023-06-14T05:05:00Z,30374,30378
2023-06-14T05:10:00Z,30381,30387
2023-06-14T05:15:00Z,30388,30425
2023-06-14T05:20:00Z,30426,30424
2023-06-14T05:25:00Z,30431,30444
2023-06-14T05:30:00Z,30444,30430
2023-06-14T05:35:00Z,30430,30447
2023-06-14T05:40:00Z,30446,30446
2023-06-14T05:45:00Z,30445,30435
2023-06-14T05:50:00Z,30437,30452
2023-06-14T05:55:00Z,30452,30462
2023-06-14T06:00:00Z,30461,30470
2023-06-14T06:05:00Z,30469,30500
2023-06-14T06:10:00Z,30499,30506
2023-06-14T06:15:00Z,30508,30497
2023-06-14T06:20:00Z,30497,30523
2023-06-14T06:25:00Z,30522,30572
2023-06-14T06:30:00Z,30563,30527
2023-06-14T06:35:00Z,30526,30531
2023-06-14T06:40:00Z,30527,30514
2023-06-14T06:45:00Z,30515,30525
2023-06-14T06:50:00Z,30522,30520
2023-06-14T06:55:00Z,30515,30530
2023-06-14T07:00:00Z,30535,30518
2023-06-14T07:05:00Z,30520,30569
2023-06-14T07:10:00Z,30560,30544
2023-06-14T07:15:00Z,30545,30526
2023-06-14T07:20:00Z,30526,30511
2023-06-14T07:25:00Z,30510,30471
2023-06-14T07:30:00Z,30467,30478
2023-06-14T07:35:00Z,30480,30460
2023-06-14T07:40:00Z,30459,30449
2023-06-14T07:45:00Z,30448,30481
2023-06-14T07:50:00Z,30476,30482
2023-06-14T07:55:00Z,30484,30499
2023-06-14T08:00:00Z,30499,30478
2023-06-14T08:05:00Z,30478,30484
2023-06-14T08:10:00Z,30484,30506
2023-06-14T08:15:00Z,30505,30513
2023-06-14T08:20:00Z,30512,30500
2023-06-14T08:25:00Z,30502,30509
2023-06-14T08:30:00Z,30509,30524
2023-06-14T08:35:00Z,30524,30530
2023-06-14T08:40:00Z,30524,30499
2023-06-14T08:45:00Z,30498,30516
2023-06-14T08:50:00Z,30514,30451
2023-06-14T08:55:00Z,30461,30439
2023-06-14T09:00:00Z,30439,30432
2023-06-14T09:05:00Z,30432,30466
2023-06-14T09:10:00Z,30468,30445
2023-06-14T09:15:00Z,30445,30456
2023-06-14T09:20:00Z,30458,30448
2023-06-14T09:25:00Z,30456,30475
2023-06-14T09:30:00Z,30475,30467
2023-06-14T09:35:00Z,30473,30494
2023-06-14T09:40:00Z,30494,30494
2023-06-14T09:45:00Z,30494,30484
2023-06-14T09:50:00Z,30484,30491
2023-06-14T09:55:00Z,30494,30468
2023-06-14T10:00:00Z,30480,30464
2023-06-14T10:05:00Z,30460,30455
2023-06-14T10:10:00Z,30455,30463
2023-06-14T10:15:00Z,30464,30459
2023-06-14T10:20:00Z,30461,30483
2023-06-14T10:25:00Z,30490,30494
2023-06-14T10:30:00Z,30494,30493
2023-06-14T10:35:00Z,30482,30441
2023-06-14T10:40:00Z,30440,30463
2023-06-14T10:45:00Z,30463,30438
2023-06-14T10:50:00Z,30438,30457
2023-06-14T10:55:00Z,30458,30474
2023-06-14T11:00:00Z,30471,30454
2023-06-14T11:05:00Z,30473,30481
2023-06-14T11:10:00Z,30479,30484
2023-06-14T11:15:00Z,30471,30506
2023-06-14T11:20:00Z,30501,30488
2023-06-14T11:25:00Z,30481,30464
2023-06-14T11:30:00Z,30463,30442
2023-06-14T11:35:00Z,30442,30463
2023-06-14T11:40:00Z,30458,30443
2023-06-14T11:45:00Z,30438,30437
2023-06-14T11:50:00Z,30436,30434
2023-06-14T11:55:00Z,30434,30446
2023-06-14T12:00:00Z,30444,30400
2023-06-14T12:05:00Z,30400,30425
2023-06-14T12:10:00Z,30420,30440
2023-06-14T12:15:00Z,30438,30474
2023-06-14T12:20:00Z,30477,30494
2023-06-14T12:25:00Z,30494,30498
2023-06-14T12:30:00Z,30498,30500
2023-06-14T12:35:00Z,30498,30526
2023-06-14T12:40:00Z,30527,30527
2023-06-14T12:45:00Z,30527,30493
2023-06-14T12:50:00Z,30501,30509
2023-06-14T12:55:00Z,30509,30501
2023-06-14T13:00:00Z,30498,30484
2023-06-14T13:05:00Z,30483,30482
2023-06-14T13:10:00Z,30478,30458
2023-06-14T13:15:00Z,30450,30477
2023-06-14T13:20:00Z,30467,30532
2023-06-14T13:25:00Z,30524,30507
2023-06-14T13:30:00Z,30508,30459
2023-06-14T13:35:00Z,30445,30443
2023-06-14T13:40:00Z,30443,30421
2023-06-14T13:45:00Z,30413,30400
2023-06-14T13:50:00Z,30403,30430
2023-06-14T13:55:00Z,30426,30419
2023-06-14T14:00:00Z,30420,30417
2023-06-14T14:05:00Z,30425,30419
2023-06-14T14:10:00Z,30409,30429
2023-06-14T14:15:00Z,30427,30405
2023-06-14T14:20:00Z,30404,30386
2023-06-14T14:25:00Z,30376,30396
2023-06-14T14:30:00Z,30401,30417
2023-06-14T14:35:00Z,30416,30417
2023-06-14T14:40:00Z,30417,30421
2023-06-14T14:45:00Z,30422,30425
2023-06-14T14:50:00Z,30425,30446
2023-06-14T14:55:00Z,30446,30475
2023-06-14T15:00:00Z,30476,30487
2023-06-14T15:05:00Z,30491,30515
2023-06-14T15:10:00Z,30515,30510
2023-06-14T15:15:00Z,30515,30496
2023-06-14T15:20:00Z,30496,30498
2023-06-14T15:25:00Z,30495,30490
2023-06-14T15:30:00Z,30491,30504
2023-06-14T15:35:00Z,30504,30519
2023-06-14T15:40:00Z,30517,30484
2023-06-14T15:45:00Z,30485,30483
2023-06-14T15:50:00Z,30482,30479
2023-06-14T15:55:00Z,30480,30476
2023-06-14T16:00:00Z,30481,30470
2023-06-14T16:05:00Z,30482,30486
2023-06-14T16:10:00Z,30485,30495
2023-06-14T16:15:00Z,30495,30509
2023-06-14T16:20:00Z,30501,30490
2023-06-14T16:25:00Z,30495,30512
2023-06-14T16:30:00Z,30512,30516
2023-06-14T16:35:00Z,30513,30514
2023-06-14T16:40:00Z,30527,30517
2023-06-14T16:45:00Z,30517,30509
2023-06-14T16:50:00Z,30508,30509
2023-06-14T16:55:00Z,30507,30499
2023-06-14T17:00:00Z,30497,30493
2023-06-14T17:05:00Z,30492,30495
2023-06-14T17:10:00Z,30489,30512
2023-06-14T17:15:00Z,30508,30517
2023-06-14T17:20:00Z,30517,30520
2023-06-14T17:25:00Z,30521,30507
2023-06-14T17:30:00Z,30507,30488
2023-06-14T17:35:00Z,30487,30487
2023-06-14T17:40:00Z,30490,30485
2023-06-14T17:45:00Z,30484,30474
2023-06-14T17:50:00Z,30474,30462
2023-06-14T17:55:00Z,30463,30463
2023-06-14T18:00:00Z,30469,30468
2023-06-14T18:05:00Z,30464,30466
2023-06-14T18:10:00Z,30462,30448
2023-06-14T18:15:00Z,30456,30458
2023-06-14T18:20:00Z,30458,30467
2023-06-14T18:25:00Z,30466,30481
2023-06-14T18:30:00Z,30484,30498
2023-06-14T18:35:00Z,30503,30573
2023-06-14T18:40:00Z,30588,30576
2023-06-14T18:45:00Z,30580,30558
2023-06-14T18:50:00Z,30556,30572
2023-06-14T18:55:00Z,30569,30588
2023-06-14T19:00:00Z,30594,30574
2023-06-14T19:05:00Z,30576,30572
2023-06-14T19:10:00Z,30572,30571
2023-06-14T19:15:00Z,30572,30619
2023-06-14T19:20:00Z,30609,30600
2023-06-14T19:25:00Z,30602,30614
2023-06-14T19:30:00Z,30623,30638
2023-06-14T19:35:00Z,30627,30625
2023-06-14T19:40:00Z,30622,30648
2023-06-14T19:45:00Z,30648,30690
2023-06-14T19:50:00Z,30693,30725
2023-06-14T19:55:00Z,30716,30700
2023-06-14T20:00:00Z,30701,30701
2023-06-14T20:05:00Z,30696,30735
2023-06-14T20:10:00Z,30734,30744
2023-06-14T20:15:00Z,30744,30730
2023-06-14T20:20:00Z,30731,30778
2023-06-14T20:25:00Z,30778,30779
2023-06-14T20:30:00Z,30783,30836
2023-06-14T20:35:00Z,30827,30855
2023-06-14T20:40:00Z,30854,30839
2023-06-14T20:45:00Z,30838,30815
2023-06-14T20:50:00Z,30816,30794
2023-06-14T20:55:00Z,30790,30807
2023-06-14T21:00:00Z,30823,30838
2023-06-14T21:05:00Z,30828,30800
2023-06-14T21:10:00Z,30807,30799
2023-06-14T21:15:00Z,30816,30824
2023-06-14T21:20:00Z,30812,30810
2023-06-14T21:25:00Z,30809,30814
2023-06-14T21:30:00Z,30815,30907
2023-06-14T21:35:00Z,30915,30941
2023-06-14T21:40:00Z,30945,30973
2023-06-14T21:45:00Z,30973,31223
2023-06-14T21:50:00Z,31223,31198
2023-06-14T21:55:00Z,31205,31323
2023-06-14T22:00:00Z,31334,31365
2023-06-14T22:05:00Z,31371,31390
2023-06-14T22:10:00Z,31384,31334
2023-06-14T22:15:00Z,31333,31349
2023-06-14T22:20:00Z,31350,31377
2023-06-14T22:25:00Z,31382,31380
2023-06-14T22:30:00Z,31414,31360
2023-06-14T22:35:00Z,31356,31276
2023-06-14T22:40:00Z,31306,31151
2023-06-14T22:45:00Z,31164,31097
2023-06-14T22:50:00Z,31100,31106
2023-06-14T22:55:00Z,31100,31065
2023-06-14T23:00:00Z,31067,31129
2023-06-14T23:05:00Z,31128,31088
2023-06-14T23:10:00Z,31091,31132
2023-06-14T23:15:00Z,31148,31121
2023-06-14T23:20:00Z,31123,31111
2023-06-14T23:25:00Z,31121,31130
2023-06-14T23:30:00Z,31130,31106
2023-06-14T23:35:00Z,31100,31101
2023-06-14T23:40:00Z,31101,31188
2023-06-14T23:45:00Z,31188,31160
2023-06-14T23:50:00Z,31175,31230
2023-06-14T23:55:00Z,31235,31235
2023-06-15T00:00:00Z,31245,31209
2023-06-15T00:05:00Z,31208,31203
2023-06-15T00:10:00Z,31207,31196
2023-06-15T00:15:00Z,31196,31192
2023-06-15T00:20:00Z,31192,31198
2023-06-15T00:25:00Z,31200,31209
2023-06-15T00:30:00Z,31204,31177
2023-06-15T00:35:00Z,31178,31170
2023-06-15T00:40:00Z,31164,31081
2023-06-15T00:45:00Z,31089,31067
2023-06-15T00:50:00Z,31060,30885
2023-06-15T00:55:00Z,30912,30850
2023-06-15T01:00:00Z,30852,30817
2023-06-15T01:05:00Z,30808,30715
2023-06-15T01:10:00Z,30711,30750
2023-06-15T01:15:00Z,30749,30759
2023-06-15T01:20:00Z,30754,30777
2023-06-15T01:25:00Z,30756,30741
2023-06-15T01:30:00Z,30721,30572
2023-06-15T01:35:00Z,30569,30621
2023-06-15T01:40:00Z,30628,30634
2023-06-15T01:45:00Z,30622,30595
2023-06-15T01:50:00Z,30610,30633
2023-06-15T01:55:00Z,30637,30608
2023-06-15T02:00:00Z,30606,30664
2023-06-15T02:05:00Z,30656,30642
2023-06-15T02:10:00Z,30634,30620
2023-06-15T02:15:00Z,30630,30626
2023-06-15T02:20:00Z,30643,30637
2023-06-15T02:25:00Z,30632,30615
2023-06-15T02:30:00Z,30605,30554
2023-06-15T02:35:00Z,30553,30551
2023-06-15T02:40:00Z,30568,30484
2023-06-15T02:45:00Z,30483,30524
2023-06-15T02:50:00Z,30527,30420
2023-06-15T02:55:00Z,30420,30374
2023-06-15T03:00:00Z,30369,30448
2023-06-15T03:05:00Z,30446,30289
2023-06-15T03:10:00Z,30291,30340
2023-06-15T03:15:00Z,30332,30238
2023-06-15T03:20:00Z,30205,30195
2023-06-15T03:25:00Z,30177,30073
2023-06-15T03:30:00Z,30065,30075
2023-06-15T03:35:00Z,30077,29990
2023-06-15T03:40:00Z,29966,30162
2023-06-15T03:45:00Z,30192,30121
2023-06-15T03:50:00Z,30121,30171
2023-06-15T03:55:00Z,30170,30221
2023-06-15T04:00:00Z,30217,30191
2023-06-15T04:05:00Z,30191,30137
2023-06-15T04:10:00Z,30134,30122
2023-06-15T04:15:00Z,30118,30201
2023-06-15T04:20:00Z,30204,30272
2023-06-15T04:25:00Z,30264,30266
2023-06-15T04:30:00Z,30266,30284
2023-06-15T04:35:00Z,30288,30366
2023-06-15T04:40:00Z,30355,30420
2023-06-15T04:45:00Z,30423,30437
2023-06-15T04:50:00Z,30429,30421
2023-06-15T04:55:00Z,30422,30411
2023-06-15T05:00:00Z,30409,30407
2023-06-15T05:05:00Z,30421,30446
2023-06-15T05:10:00Z,30447,30422
2023-06-15T05:15:00Z,30418,30397
2023-06-15T05:20:00Z,30380,30344
2023-06-15T05:25:00Z,30351,30347
2023-06-15T05:30:00Z,30349,30290
2023-06-15T05:35:00Z,30310,30280
2023-06-15T05:40:00Z,30277,30261
2023-06-15T05:45:00Z,30262,30182
2023-06-15T05:50:00Z,30209,30297
2023-06-15T05:55:00Z,30298,30309
2023-06-15T06:00:00Z,30316,30330
2023-06-15T06:05:00Z,30334,30311
2023-06-15T06:10:00Z,30306,30258
2023-06-15T06:15:00Z,30266,30269
2023-06-15T06:20:00Z,30269,30268
2023-06-15T06:25:00Z,30269,30235
2023-06-15T06:30:00Z,30239,30242
2023-06-15T06:35:00Z,30246,30268
2023-06-15T06:40:00Z,30283,30258
2023-06-15T06:45:00Z,30257,30284
2023-06-15T06:50:00Z,30286,30271
2023-06-15T06:55:00Z,30272,30287
2023-06-15T07:00:00Z,30294,30306
2023-06-15T07:05:00Z,30316,30321
2023-06-15T07:10:00Z,30323,30328
2023-06-15T07:15:00Z,30322,30277
2023-06-15T07:20:00Z,30275,30270
2023-06-15T07:25:00Z,30264,30276
2023-06-15T07:30:00Z,30276,30292
2023-06-15T07:35:00Z,30288,30262
2023-06-15T07:40:00Z,30261,30227
2023-06-15T07:45:00Z,30228,30247
2023-06-15T07:50:00Z,30251,30239
2023-06-15T07:55:00Z,30248,30372
2023-06-15T08:00:00Z,30375,30323
2023-06-15T08:05:00Z,30323,30330
2023-06-15T08:10:00Z,30344,30273
2023-06-15T08:15:00Z,30289,30308
2023-06-15T08:20:00Z,30306,30299
2023-06-15T08:25:00Z,30301,30312
2023-06-15T08:30:00Z,30305,30276
2023-06-15T08:35:00Z,30279,30270
2023-06-15T08:40:00Z,30271,30289
2023-06-15T08:45:00Z,30294,30288
2023-06-15T08:50:00Z,30302,30277
2023-06-15T08:55:00Z,30282,30313
2023-06-15T09:00:00Z,30311,30325
2023-06-15T09:05:00Z,30328,30291
2023-06-15T09:10:00Z,30288,30274
2023-06-15T09:15:00Z,30274,30302
2023-06-15T09:20:00Z,30302,30284
2023-06-15T09:25:00Z,30284,30297
2023-06-15T09:30:00Z,30286,30288
2023-06-15T09:35:00Z,30286,30280
2023-06-15T09:40:00Z,30278,30270
2023-06-15T09:45:00Z,30259,30280
2023-06-15T09:50:00Z,30282,30307
2023-06-15T09:55:00Z,30307,30314
2023-06-15T10:00:00Z,30317,30280
2023-06-15T10:05:00Z,30293,30348
2023-06-15T10:10:00Z,30344,30299
2023-06-15T10:15:00Z,30298,30275
2023-06-15T10:20:00Z,30274,30213
2023-06-15T10:25:00Z,30227,30255
2023-06-15T10:30:00Z,30251,30275
2023-06-15T10:35:00Z,30260,30257
2023-06-15T10:40:00Z,30256,30190
2023-06-15T10:45:00Z,30199,30202
2023-06-15T10:50:00Z,30206,30227
2023-06-15T10:55:00Z,30227,30225
2023-06-15T11:00:00Z,30222,30172
2023-06-15T11:05:00Z,30176,30225
2023-06-15T11:10:00Z,30225,30209
2023-06-15T11:15:00Z,30212,30212
2023-06-15T11:20:00Z,30214,30221
2023-06-15T11:25:00Z,30221,30229
2023-06-15T11:30:00Z,30230,30250
2023-06-15T11:35:00Z,30250,30258
2023-06-15T11:40:00Z,30258,30230
2023-06-15T11:45:00Z,30227,30177
2023-06-15T11:50:00Z,30179,30106
2023-06-15T11:55:00Z,30134,30163
2023-06-15T12:00:00Z,30162,30078
2023-06-15T12:05:00Z,30085,30044
2023-06-15T12:10:00Z,30043,30079
2023-06-15T12:15:00Z,30079,29987
2023-06-15T12:20:00Z,29991,29984
2023-06-15T12:25:00Z,29984,30061
2023-06-15T12:30:00Z,30042,30002
2023-06-15T12:35:00Z,30006,29957
2023-06-15T12:40:00Z,29957,29965
2023-06-15T12:45:00Z,29972,29982
2023-06-15T12:50:00Z,29978,29975
2023-06-15T12:55:00Z,29974,29912
2023-06-15T13:00:00Z,29901,29827
2023-06-15T13:05:00Z,29831,29865
2023-06-15T13:10:00Z,29856,30004
2023-06-15T13:15:00Z,29997,29998
2023-06-15T13:20:00Z,29987,29980
2023-06-15T13:25:00Z,29980,29975
2023-06-15T13:30:00Z,29974,29922
2023-06-15T13:35:00Z,29921,29919
2023-06-15T13:40:00Z,29920,30100
2023-06-15T13:45:00Z,30086,30056
2023-06-15T13:50:00Z,30053,30050
2023-06-15T13:55:00Z,30042,30056
2023-06-15T14:00:00Z,30063,30054
2023-06-15T14:05:00Z,30069,30060
2023-06-15T14:10:00Z,30060,30072
2023-06-15T14:15:00Z,30062,30026
2023-06-15T14:20:00Z,30026,30005
2023-06-15T14:25:00Z,30005,30020
2023-06-15T14:30:00Z,30027,30057
2023-06-15T14:35:00Z,30058,30093
2023-06-15T14:40:00Z,30090,30095
2023-06-15T14:45:00Z,30103,30101
2023-06-15T14:50:00Z,30109,30116
2023-06-15T14:55:00Z,30116,30091
2023-06-15T15:00:00Z,30096,30064
2023-06-15T15:05:00Z,30091,30100
2023-06-15T15:10:00Z,30095,30102
2023-06-15T15:15:00Z,30102,30086
2023-06-15T15:20:00Z,30086,30089
2023-06-15T15:25:00Z,30099,30099
2023-06-15T15:30:00Z,30099,30113
2023-06-15T15:35:00Z,30121,30100
2023-06-15T15:40:00Z,30107,30128
2023-06-15T15:45:00Z,30131,30141
2023-06-15T15:50:00Z,30144,30105
2023-06-15T15:55:00Z,30105,30100
2023-06-15T16:00:00Z,30114,30092
2023-06-15T16:05:00Z,30088,30087
2023-06-15T16:10:00Z,30090,30095
2023-06-15T16:15:00Z,30104,30138
2023-06-15T16:20:00Z,30139,30141
2023-06-15T16:25:00Z,30156,30114
2023-06-15T16:30:00Z,30111,30114
2023-06-15T16:35:00Z,30111,30132
2023-06-15T16:40:00Z,30132,30118
2023-06-15T16:45:00Z,30115,30140
2023-06-15T16:50:00Z,30140,30118
2023-06-15T16:55:00Z,30124,30143
2023-06-15T17:00:00Z,30143,30164
2023-06-15T17:05:00Z,30166,30164
2023-06-15T17:10:00Z,30160,30133
2023-06-15T17:15:00Z,30137,30122
2023-06-15T17:20:00Z,30117,30109
2023-06-15T17:25:00Z,30106,30113
2023-06-15T17:30:00Z,30110,30098
2023-06-15T17:35:00Z,30103,30125
2023-06-15T17:40:00Z,30124,30116
2023-06-15T17:45:00Z,30122,30094
2023-06-15T17:50:00Z,30094,30090
2023-06-15T17:55:00Z,30091,30091
2023-06-15T18:00:00Z,30091,30088
2023-06-15T18:05:00Z,30087,30086
2023-06-15T18:10:00Z,30084,30083
2023-06-15T18:15:00Z,30083,30083
2023-06-15T18:20:00Z,30083,30221
2023-06-15T18:25:00Z,30217,30207
2023-06-15T18:30:00Z,30202,30197
2023-06-15T18:35:00Z,30202,30266
2023-06-15T18:40:00Z,30264,30236
2023-06-15T18:45:00Z,30251,30249
2023-06-15T18:50:00Z,30248,30232
2023-06-15T18:55:00Z,30229,30218
2023-06-15T19:00:00Z,30220,30213
2023-06-15T19:05:00Z,30220,30221
2023-06-15T19:10:00Z,30211,30199
2023-06-15T19:15:00Z,30199,30207
2023-06-15T19:20:00Z,30206,30143
2023-06-15T19:25:00Z,30136,30143
2023-06-15T19:30:00Z,30143,30164
2023-06-15T19:35:00Z,30162,30169
2023-06-15T19:40:00Z,30168,30146
2023-06-15T19:45:00Z,30146,30145
2023-06-15T19:50:00Z,30152,30145
2023-06-15T19:55:00Z,30144,30132
2023-06-15T20:00:00Z,30125,30143
2023-06-15T20:05:00Z,30141,30127
2023-06-15T20:10:00Z,30124,30121
2023-06-15T20:15:00Z,30118,30132
2023-06-15T20:20:00Z,30127,30123
2023-06-15T20:25:00Z,30122,30094
2023-06-15T20:30:00Z,30092,30077
2023-06-15T20:35:00Z,30079,30123
2023-06-15T20:40:00Z,30119,30096
2023-06-15T20:45:00Z,30093,30009
2023-06-15T20:50:00Z,29998,30038
2023-06-15T20:55:00Z,30038,30013
2023-06-15T21:00:00Z,30006,30012
2023-06-15T21:05:00Z,30018,30047
2023-06-15T21:10:00Z,30047,30069
2023-06-15T21:15:00Z,30080,30046
2023-06-15T21:20:00Z,30046,30046
2023-06-15T21:25:00Z,30046,30049
2023-06-15T21:30:00Z,30047,30058
2023-06-15T21:35:00Z,30055,30076
2023-06-15T21:40:00Z,30075,30074
2023-06-15T21:45:00Z,30087,30096
2023-06-15T21:50:00Z,30093,30072
2023-06-15T21:55:00Z,30072,30058
2023-06-15T22:00:00Z,30056,30090
2023-06-15T22:05:00Z,30090,30085
2023-06-15T22:10:00Z,30089,30093
2023-06-15T22:15:00Z,30093,30091
2023-06-15T22:20:00Z,30091,30127
2023-06-15T22:25:00Z,30127,30148
2023-06-15T22:30:00Z,30150,30120
2023-06-15T22:35:00Z,30127,30125
2023-06-15T22:40:00Z,30134,30168
2023-06-15T22:45:00Z,30177,30158
2023-06-15T22:50:00Z,30157,30140
2023-06-15T22:55:00Z,30142,30140
2023-06-15T23:00:00Z,30139,30136
2023-06-15T23:05:00Z,30133,30121
2023-06-15T23:10:00Z,30119,30104
2023-06-15T23:15:00Z,30105,30114
2023-06-15T23:20:00Z,30110,30100
2023-06-15T23:25:00Z,30099,30116
2023-06-15T23:30:00Z,30117,30129
2023-06-15T23:35:00Z,30125,30125
2023-06-15T23:40:00Z,30130,30142
2023-06-15T23:45:00Z,30142,30166
2023-06-15T23:50:00Z,30166,30166
2023-06-15T23:55:00Z,30165,30166
2023-06-16T00:00:00Z,30168,30155
2023-06-16T00:05:00Z,30165,30140
2023-06-16T00:10:00Z,30149,30135
2023-06-16T00:15:00Z,30136,30158
2023-06-16T00:20:00Z,30156,30158
2023-06-16T00:25:00Z,30164,30179
2023-06-16T00:30:00Z,30179,30185
2023-06-16T00:35:00Z,30185,30169
2023-06-16T00:40:00Z,30168,30154
2023-06-16T00:45:00Z,30164,30135
2023-06-16T00:50:00Z,30131,30119
2023-06-16T00:55:00Z,30119,30125
2023-06-16T01:00:00Z,30130,30140
2023-06-16T01:05:00Z,30143,30151
2023-06-16T01:10:00Z,30154,30126
2023-06-16T01:15:00Z,30133,30106
2023-06-16T01:20:00Z,30106,30095
2023-06-16T01:25:00Z,30114,30112
2023-06-16T01:30:00Z,30112,30304
2023-06-16T01:35:00Z,30307,30288
2023-06-16T01:40:00Z,30286,30163
2023-06-16T01:45:00Z,30164,30211
2023-06-16T01:50:00Z,30215,30230
2023-06-16T01:55:00Z,30229,30212
2023-06-16T02:00:00Z,30208,30165
2023-06-16T02:05:00Z,30165,30161
2023-06-16T02:10:00Z,30165,30226
2023-06-16T02:15:00Z,30235,30213
2023-06-16T02:20:00Z,30223,30245
2023-06-16T02:25:00Z,30257,30270
2023-06-16T02:30:00Z,30283,30279
2023-06-16T02:35:00Z,30274,30260
2023-06-16T02:40:00Z,30254,30275
2023-06-16T02:45:00Z,30281,30273
2023-06-16T02:50:00Z,30282,30331
2023-06-16T02:55:00Z,30351,30381
2023-06-16T03:00:00Z,30379,30401
2023-06-16T03:05:00Z,30400,30361
2023-06-16T03:10:00Z,30360,30317
2023-06-16T03:15:00Z,30345,30299
2023-06-16T03:20:00Z,30310,30301
2023-06-16T03:25:00Z,30293,30341
2023-06-16T03:30:00Z,30332,30286
2023-06-16T03:35:00Z,30286,30345
2023-06-16T03:40:00Z,30349,30358
2023-06-16T03:45:00Z,30353,30360
2023-06-16T03:50:00Z,30356,30406
2023-06-16T03:55:00Z,30404,30427
2023-06-16T04:00:00Z,30431,30383
2023-06-16T04:05:00Z,30389,30359
2023-06-16T04:10:00Z,30365,30351
2023-06-16T04:15:00Z,30348,30335
2023-06-16T04:20:00Z,30328,30366
2023-06-16T04:25:00Z,30366,30350
2023-06-16T04:30:00Z,30342,30336
2023-06-16T04:35:00Z,30338,30332
2023-06-16T04:40:00Z,30332,30347
2023-06-16T04:45:00Z,30350,30368
2023-06-16T04:50:00Z,30363,30374
2023-06-16T04:55:00Z,30377,30396
2023-06-16T05:00:00Z,30400,30379
2023-06-16T05:05:00Z,30380,30375
2023-06-16T05:10:00Z,30378,30413
2023-06-16T05:15:00Z,30410,30369
2023-06-16T05:20:00Z,30368,30334
2023-06-16T05:25:00Z,30348,30346
2023-06-16T05:30:00Z,30346,30372
2023-06-16T05:35:00Z,30371,30394
2023-06-16T05:40:00Z,30399,30363
2023-06-16T05:45:00Z,30365,30356
2023-06-16T05:50:00Z,30354,30341
2023-06-16T05:55:00Z,30342,30361
2023-06-16T06:00:00Z,30358,30349
2023-06-16T06:05:00Z,30350,30332
2023-06-16T06:10:00Z,30339,30330
2023-06-16T06:15:00Z,30327,30332
2023-06-16T06:20:00Z,30331,30287
2023-06-16T06:25:00Z,30286,30294
2023-06-16T06:30:00Z,30283,30281
2023-06-16T06:35:00Z,30285,30262
2023-06-16T06:40:00Z,30263,30261
2023-06-16T06:45:00Z,30262,30229
2023-06-16T06:50:00Z,30223,30235
2023-06-16T06:55:00Z,30226,30239
2023-06-16T07:00:00Z,30239,30237
2023-06-16T07:05:00Z,30229,30244
2023-06-16T07:10:00Z,30244,30243
2023-06-16T07:15:00Z,30238,30231
2023-06-16T07:20:00Z,30226,30231
2023-06-16T07:25:00Z,30229,30200
2023-06-16T07:30:00Z,30197,30181
2023-06-16T07:35:00Z,30172,30157
2023-06-16T07:40:00Z,30149,30157
2023-06-16T07:45:00Z,30156,30191
2023-06-16T07:50:00Z,30187,30138
2023-06-16T07:55:00Z,30153,30169
2023-06-16T08:00:00Z,30169,30189
2023-06-16T08:05:00Z,30179,30196
2023-06-16T08:10:00Z,30196,30204
2023-06-16T08:15:00Z,30201,30179
2023-06-16T08:20:00Z,30172,30210
2023-06-16T08:25:00Z,30208,30190
2023-06-16T08:30:00Z,30190,30211
2023-06-16T08:35:00Z,30215,30228
2023-06-16T08:40:00Z,30216,30184
2023-06-16T08:45:00Z,30188,30212
2023-06-16T08:50:00Z,30212,30214
2023-06-16T08:55:00Z,30214,30244
2023-06-16T09:00:00Z,30248,30223
2023-06-16T09:05:00Z,30224,30253
2023-06-16T09:10:00Z,30249,30234
2023-06-16T09:15:00Z,30234,30239
2023-06-16T09:20:00Z,30233,30237
2023-06-16T09:25:00Z,30226,30231
2023-06-16T09:30:00Z,30231,30291
2023-06-16T09:35:00Z,30291,30246
2023-06-16T09:40:00Z,30246,30254
2023-06-16T09:45:00Z,30251,30243
2023-06-16T09:50:00Z,30246,30258
2023-06-16T09:55:00Z,30257,30273
2023-06-16T10:00:00Z,30267,30294
2023-06-16T10:05:00Z,30294,30285
2023-06-16T10:10:00Z,30285,30327
2023-06-16T10:15:00Z,30327,30324
2023-06-16T10:20:00Z,30324,30312
2023-06-16T10:25:00Z,30312,30347
2023-06-16T10:30:00Z,30347,30310
2023-06-16T10:35:00Z,30310,30300
2023-06-16T10:40:00Z,30304,30310
2023-06-16T10:45:00Z,30310,30310
2023-06-16T10:50:00Z,30310,30334
2023-06-16T10:55:00Z,30335,30297
2023-06-16T11:00:00Z,30297,30318
2023-06-16T11:05:00Z,30318,30322
2023-06-16T11:10:00Z,30322,30327
2023-06-16T11:15:00Z,30327,30343
2023-06-16T11:20:00Z,30332,30321
2023-06-16T11:25:00Z,30321,30324
2023-06-16T11:30:00Z,30324,30329
2023-06-16T11:35:00Z,30328,30306
2023-06-16T11:40:00Z,30304,30300
2023-06-16T11:45:00Z,30302,30313
2023-06-16T11:50:00Z,30313,30322
2023-06-16T11:55:00Z,30323,30321
2023-06-16T12:00:00Z,30311,30323
2023-06-16T12:05:00Z,30322,30335
2023-06-16T12:10:00Z,30334,30344
2023-06-16T12:15:00Z,30337,30338
2023-06-16T12:20:00Z,30338,30338
2023-06-16T12:25:00Z,30339,30341
2023-06-16T12:30:00Z,30341,30318
2023-06-16T12:35:00Z,30325,30325
2023-06-16T12:40:00Z,30325,30333
2023-06-16T12:45:00Z,30330,30321
2023-06-16T12:50:00Z,30320,30330
2023-06-16T12:55:00Z,30330,30348
2023-06-16T13:00:00Z,30348,30331
2023-06-16T13:05:00Z,30331,30338
2023-06-16T13:10:00Z,30335,30321
2023-06-16T13:15:00Z,30314,30330
2023-06-16T13:20:00Z,30335,30311
2023-06-16T13:25:00Z,30311,30312
2023-06-16T13:30:00Z,30312,30311
2023-06-16T13:35:00Z,30311,30297
2023-06-16T13:40:00Z,30296,30315
2023-06-16T13:45:00Z,30307,30295
2023-06-16T13:50:00Z,30295,30303
2023-06-16T13:55:00Z,30303,30296
2023-06-16T14:00:00Z,30296,30285
2023-06-16T14:05:00Z,30285,30268
2023-06-16T14:10:00Z,30271,30281
2023-06-16T14:15:00Z,30276,30275
2023-06-16T14:20:00Z,30271,30280
2023-06-16T14:25:00Z,30280,30306
2023-06-16T14:30:00Z,30304,30281
2023-06-16T14:35:00Z,30283,30283
2023-06-16T14:40:00Z,30282,30283
2023-06-16T14:45:00Z,30283,30299
2023-06-16T14:50:00Z,30298,30307
2023-06-16T14:55:00Z,30307,30308
2023-06-16T15:00:00Z,30307,30303
2023-06-16T15:05:00Z,30304,30292
2023-06-16T15:10:00Z,30298,30292
2023-06-16T15:15:00Z,30291,30288
2023-06-16T15:20:00Z,30289,30331
2023-06-16T15:25:00Z,30333,30310
2023-06-16T15:30:00Z,30311,30337
2023-06-16T15:35:00Z,30337,30314
2023-06-16T15:40:00Z,30314,30329
2023-06-16T15:45:00Z,30327,30359
2023-06-16T15:50:00Z,30358,30365
2023-06-16T15:55:00Z,30366,30360
2023-06-16T16:00:00Z,30358,30327
2023-06-16T16:05:00Z,30327,30338
2023-06-16T16:10:00Z,30338,30334
2023-06-16T16:15:00Z,30342,30335
2023-06-16T16:20:00Z,30332,30313
2023-06-16T16:25:00Z,30310,30302
2023-06-16T16:30:00Z,30301,30302
2023-06-16T16:35:00Z,30299,30286
2023-06-16T16:40:00Z,30286,30283
2023-06-16T16:45:00Z,30282,30284
2023-06-16T16:50:00Z,30281,30287
2023-06-16T16:55:00Z,30281,30281
2023-06-16T17:00:00Z,30280,30287
2023-06-16T17:05:00Z,30287,30248
2023-06-16T17:10:00Z,30254,30252
2023-06-16T17:15:00Z,30258,30247
2023-06-16T17:20:00Z,30247,30254
2023-06-16T17:25:00Z,30260,30260
2023-06-16T17:30:00Z,30252,30265
2023-06-16T17:35:00Z,30265,30258
2023-06-16T17:40:00Z,30258,30244
2023-06-16T17:45:00Z,30241,30241
2023-06-16T17:50:00Z,30241,30236
2023-06-16T17:55:00Z,30234,30237
2023-06-16T18:00:00Z,30236,30230
2023-06-16T18:05:00Z,30223,30214
2023-06-16T18:10:00Z,30211,30215
2023-06-16T18:15:00Z,30216,30202
2023-06-16T18:20:00Z,30207,30234
2023-06-16T18:25:00Z,30232,30233
2023-06-16T18:30:00Z,30230,30226
2023-06-16T18:35:00Z,30226,30206
2023-06-16T18:40:00Z,30201,30220
2023-06-16T18:45:00Z,30222,30224
2023-06-16T18:50:00Z,30226,30232
2023-06-16T18:55:00Z,30234,30245
2023-06-16T19:00:00Z,30242,30260
2023-06-16T19:05:00Z,30257,30242
2023-06-16T19:10:00Z,30242,30239
2023-06-16T19:15:00Z,30240,30219
2023-06-16T19:20:00Z,30217,30175
2023-06-16T19:25:00Z,30167,30201
2023-06-16T19:30:00Z,30200,30177
2023-06-16T19:35:00Z,30182,30185
2023-06-16T19:40:00Z,30190,30179
2023-06-16T19:45:00Z,30188,30193
2023-06-16T19:50:00Z,30191,30182
2023-06-16T19:55:00Z,30184,30183
2023-06-16T20:00:00Z,30182,30193
2023-06-16T20:05:00Z,30193,30196
2023-06-16T20:10:00Z,30196,30199
2023-06-16T20:15:00Z,30199,30208
2023-06-16T20:20:00Z,30211,30224
2023-06-16T20:25:00Z,30223,30209
2023-06-16T20:30:00Z,30208,30201
2023-06-16T20:35:00Z,30203,30198
2023-06-16T20:40:00Z,30203,30211
2023-06-16T20:45:00Z,30210,30210
2023-06-16T20:50:00Z,30210,30192
2023-06-16T20:55:00Z,30195,30201
2023-06-16T21:00:00Z,30203,30199
2023-06-16T21:05:00Z,30199,30214
2023-06-16T21:10:00Z,30218,30221
2023-06-16T21:15:00Z,30221,30278
2023-06-16T21:20:00Z,30274,30267
2023-06-16T21:25:00Z,30266,30273
2023-06-16T21:30:00Z,30272,30287
2023-06-16T21:35:00Z,30281,30298
2023-06-16T21:40:00Z,30298,30258
2023-06-16T21:45:00Z,30258,30268
2023-06-16T21:50:00Z,30258,30280
2023-06-16T21:55:00Z,30270,30278
2023-06-16T22:00:00Z,30283,30266
2023-06-16T22:05:00Z,30277,30271
2023-06-16T22:10:00Z,30266,30265
2023-06-16T22:15:00Z,30273,30270
2023-06-16T22:20:00Z,30269,30254
2023-06-16T22:25:00Z,30257,30250
2023-06-16T22:30:00Z,30247,30255
2023-06-16T22:35:00Z,30252,30260
2023-06-16T22:40:00Z,30258,30231
2023-06-16T22:45:00Z,30239,30243
2023-06-16T22:50:00Z,30240,30243
2023-06-16T22:55:00Z,30241,30253
2023-06-16T23:00:00Z,30253,30248
2023-06-16T23:05:00Z,30246,30255
2023-06-16T23:10:00Z,30256,30249
2023-06-16T23:15:00Z,30248,30238
2023-06-16T23:20:00Z,30241,30238
2023-06-16T23:25:00Z,30238,30232
2023-06-16T23:30:00Z,30238,30231
2023-06-16T23:35:00Z,30231,30236
2023-06-16T23:40:00Z,30242,30231
2023-06-16T23:45:00Z,30230,30228
2023-06-16T23:50:00Z,30228,30235
2023-06-16T23:55:00Z,30226,30229
2023-06-17T00:00:00Z,30224,30223
2023-06-17T00:05:00Z,30224,30230
2023-06-17T00:10:00Z,30230,30215
2023-06-17T00:15:00Z,30208,30207
2023-06-17T00:20:00Z,30207,30191
2023-06-17T00:25:00Z,30190,30203
2023-06-17T00:30:00Z,30205,30221
2023-06-17T00:35:00Z,30209,30185
2023-06-17T00:40:00Z,30179,30172
2023-06-17T00:45:00Z,30178,30200
2023-06-17T00:50:00Z,30204,30200
2023-06-17T00:55:00Z,30196,30200
2023-06-17T01:00:00Z,30197,30210
2023-06-17T01:05:00Z,30209,30178
2023-06-17T01:10:00Z,30177,30173
2023-06-17T01:15:00Z,30173,30193
2023-06-17T01:20:00Z,30197,30208
2023-06-17T01:25:00Z,30209,30202
2023-06-17T01:30:00Z,30206,30209
2023-06-17T01:35:00Z,30207,30186
2023-06-17T01:40:00Z,30188,30200
2023-06-17T01:45:00Z,30199,30209
2023-06-17T01:50:00Z,30203,30191
2023-06-17T01:55:00Z,30185,30179
2023-06-17T02:00:00Z,30180,30205
2023-06-17T02:05:00Z,30206,30202
2023-06-17T02:10:00Z,30204,30207
2023-06-17T02:15:00Z,30203,30204
2023-06-17T02:20:00Z,30205,30204
2023-06-17T02:25:00Z,30207,30224
2023-06-17T02:30:00Z,30224,30232
2023-06-17T02:35:00Z,30232,30228
2023-06-17T02:40:00Z,30225,30224
2023-06-17T02:45:00Z,30224,30243
2023-06-17T02:50:00Z,30242,30243
2023-06-17T02:55:00Z,30240,30217
2023-06-17T03:00:00Z,30216,30212
2023-06-17T03:05:00Z,30208,30210
2023-06-17T03:10:00Z,30208,30205
2023-06-17T03:15:00Z,30208,30220
2023-06-17T03:20:00Z,30226,30220
2023-06-17T03:25:00Z,30220,30226
2023-06-17T03:30:00Z,30225,30214
2023-06-17T03:35:00Z,30216,30233
2023-06-17T03:40:00Z,30230,30234
2023-06-17T03:45:00Z,30235,30228
2023-06-17T03:50:00Z,30229,30209
2023-06-17T03:55:00Z,30209,30214
2023-06-17T04:00:00Z,30220,30200
2023-06-17T04:05:00Z,30197,30194
2023-06-17T04:10:00Z,30194,30191
2023-06-17T04:15:00Z,30191,30205
2023-06-17T04:20:00Z,30203,30217
2023-06-17T04:25:00Z,30218,30216
2023-06-17T04:30:00Z,30216,30222
2023-06-17T04:35:00Z,30222,30222
2023-06-17T04:40:00Z,30216,30228
2023-06-17T04:45:00Z,30230,30218
2023-06-17T04:50:00Z,30212,30211
2023-06-17T04:55:00Z,30209,30213
2023-06-17T05:00:00Z,30218,30240
2023-06-17T05:05:00Z,30242,30235
2023-06-17T05:10:00Z,30235,30233
2023-06-17T05:15:00Z,30241,30246
2023-06-17T05:20:00Z,30246,30238
2023-06-17T05:25:00Z,30241,30229
2023-06-17T05:30:00Z,30228,30224
2023-06-17T05:35:00Z,30223,30268
2023-06-17T05:40:00Z,30267,30284
2023-06-17T05:45:00Z,30286,30288
2023-06-17T05:50:00Z,30284,30267
2023-06-17T05:55:00Z,30266,30260
2023-06-17T06:00:00Z,30259,30258
2023-06-17T06:05:00Z,30262,30260
2023-06-17T06:10:00Z,30260,30263
2023-06-17T06:15:00Z,30263,30278
2023-06-17T06:20:00Z,30280,30276
2023-06-17T06:25:00Z,30277,30262
2023-06-17T06:30:00Z,30263,30257
2023-06-17T06:35:00Z,30254,30250
2023-06-17T06:40:00Z,30249,30254
2023-06-17T06:45:00Z,30257,30266
2023-06-17T06:50:00Z,30266,30272
2023-06-17T06:55:00Z,30272,30262
2023-06-17T07:00:00Z,30257,30240
2023-06-17T07:05:00Z,30242,30223
2023-06-17T07:10:00Z,30221,30218
2023-06-17T07:15:00Z,30216,30217
2023-06-17T07:20:00Z,30215,30212
2023-06-17T07:25:00Z,30209,30212
2023-06-17T07:30:00Z,30212,30221
2023-06-17T07:35:00Z,30224,30220
2023-06-17T07:40:00Z,30219,30216
2023-06-17T07:45:00Z,30216,30205
2023-06-17T07:50:00Z,30203,30207
2023-06-17T07:55:00Z,30207,30206
2023-06-17T08:00:00Z,30205,30197
2023-06-17T08:05:00Z,30199,30202
2023-06-17T08:10:00Z,30196,30197
2023-06-17T08:15:00Z,30196,30183
2023-06-17T08:20:00Z,30176,30081
2023-06-17T08:25:00Z,30085,30120
2023-06-17T08:30:00Z,30110,30107
2023-06-17T08:35:00Z,30109,30122
2023-06-17T08:40:00Z,30123,30130
2023-06-17T08:45:00Z,30129,30125
2023-06-17T08:50:00Z,30124,30130
2023-06-17T08:55:00Z,30117,30117
2023-06-17T09:00:00Z,30115,30103
2023-06-17T09:05:00Z,30103,30094
2023-06-17T09:10:00Z,30095,30119
2023-06-17T09:15:00Z,30113,30094
2023-06-17T09:20:00Z,30089,30119
2023-06-17T09:25:00Z,30116,30116
2023-06-17T09:30:00Z,30115,30133
2023-06-17T09:35:00Z,30134,30125
2023-06-17T09:40:00Z,30120,30123
2023-06-17T09:45:00Z,30121,30137
2023-06-17T09:50:00Z,30138,30148
2023-06-17T09:55:00Z,30148,30162
2023-06-17T10:00:00Z,30163,30152
2023-06-17T10:05:00Z,30149,30158
2023-06-17T10:10:00Z,30156,30163
2023-06-17T10:15:00Z,30163,30163
2023-06-17T10:20:00Z,30163,30170
2023-06-17T10:25:00Z,30170,30195
2023-06-17T10:30:00Z,30195,30189
2023-06-17T10:35:00Z,30189,30183
2023-06-17T10:40:00Z,30181,30180
2023-06-17T10:45:00Z,30182,30187
2023-06-17T10:50:00Z,30186,30179
2023-06-17T10:55:00Z,30183,30191
2023-06-17T11:00:00Z,30193,30176
2023-06-17T11:05:00Z,30176,30184
2023-06-17T11:10:00Z,30184,30194
2023-06-17T11:15:00Z,30183,30181
2023-06-17T11:20:00Z,30180,30175
2023-06-17T11:25:00Z,30174,30174
2023-06-17T11:30:00Z,30174,30183
2023-06-17T11:35:00Z,30180,30199
2023-06-17T11:40:00Z,30199,30199
2023-06-17T11:45:00Z,30199,30214
2023-06-17T11:50:00Z,30214,30224
2023-06-17T11:55:00Z,30224,30224
2023-06-17T12:00:00Z,30224,30247
2023-06-17T12:05:00Z,30248,30245
2023-06-17T12:10:00Z,30245,30252
2023-06-17T12:15:00Z,30252,30255
2023-06-17T12:20:00Z,30253,30258
2023-06-17T12:25:00Z,30258,30260
2023-06-17T12:30:00Z,30261,30261
2023-06-17T12:35:00Z,30261,30249
2023-06-17T12:40:00Z,30248,30244
2023-06-17T12:45:00Z,30248,30255
2023-06-17T12:50:00Z,30257,30272
2023-06-17T12:55:00Z,30272,30293
2023-06-17T13:00:00Z,30293,30280
2023-06-17T13:05:00Z,30279,30279
2023-06-17T13:10:00Z,30279,30267
2023-06-17T13:15:00Z,30269,30279
2023-06-17T13:20:00Z,30268,30269
2023-06-17T13:25:00Z,30269,30263
2023-06-17T13:30:00Z,30263,30307
2023-06-17T13:35:00Z,30312,30301
2023-06-17T13:40:00Z,30302,30302
2023-06-17T13:45:00Z,30311,30319
2023-06-17T13:50:00Z,30319,30348
2023-06-17T13:55:00Z,30336,30343
2023-06-17T14:00:00Z,30350,30380
2023-06-17T14:05:00Z,30383,30387
2023-06-17T14:10:00Z,30398,30394
2023-06-17T14:15:00Z,30393,30360
2023-06-17T14:20:00Z,30361,30363
2023-06-17T14:25:00Z,30367,30357
2023-06-17T14:30:00Z,30361,30359
2023-06-17T14:35:00Z,30359,30312
2023-06-17T14:40:00Z,30309,30329
2023-06-17T14:45:00Z,30329,30331
2023-06-17T14:50:00Z,30332,30340
2023-06-17T14:55:00Z,30336,30338
2023-06-17T15:00:00Z,30339,30344
2023-06-17T15:05:00Z,30344,30351
2023-06-17T15:10:00Z,30351,30355
2023-06-17T15:15:00Z,30355,30341
2023-06-17T15:20:00Z,30343,30344
2023-06-17T15:25:00Z,30343,30316
2023-06-17T15:30:00Z,30316,30307
2023-06-17T15:35:00Z,30304,30291
2023-06-17T15:40:00Z,30291,30282
2023-06-17T15:45:00Z,30282,30299
2023-06-17T15:50:00Z,30299,30304
2023-06-17T15:55:00Z,30309,30308
2023-06-17T16:00:00Z,30308,30298
2023-06-17T16:05:00Z,30302,30291
2023-06-17T16:10:00Z,30287,30303
2023-06-17T16:15:00Z,30302,30281
2023-06-17T16:20:00Z,30283,30287
2023-06-17T16:25:00Z,30290,30285
2023-06-17T16:30:00Z,30283,30323
2023-06-17T16:35:00Z,30323,30323
2023-06-17T16:40:00Z,30323,30316
2023-06-17T16:45:00Z,30319,30316
2023-06-17T16:50:00Z,30316,30303
2023-06-17T16:55:00Z,30300,30292
2023-06-17T17:00:00Z,30292,30290
2023-06-17T17:05:00Z,30290,30291
2023-06-17T17:10:00Z,30292,30292
2023-06-17T17:15:00Z,30293,30295
2023-06-17T17:20:00Z,30295,30297
2023-06-17T17:25:00Z,30299,30301
2023-06-17T17:30:00Z,30301,30291
2023-06-17T17:35:00Z,30290,30286
2023-06-17T17:40:00Z,30288,30292
2023-06-17T17:45:00Z,30292,30302
2023-06-17T17:50:00Z,30294,30288
2023-06-17T17:55:00Z,30289,30291
2023-06-17T18:00:00Z,30286,30292
2023-06-17T18:05:00Z,30292,30298
2023-06-17T18:10:00Z,30296,30302
2023-06-17T18:15:00Z,30302,30303
2023-06-17T18:20:00Z,30303,30293
2023-06-17T18:25:00Z,30293,30282
2023-06-17T18:30:00Z,30286,30290
2023-06-17T18:35:00Z,30290,30306
2023-06-17T18:40:00Z,30295,30284
2023-06-17T18:45:00Z,30279,30281
2023-06-17T18:50:00Z,30280,30269
2023-06-17T18:55:00Z,30269,30269
2023-06-17T19:00:00Z,30269,30269
2023-06-17T19:05:00Z,30273,30259
2023-06-17T19:10:00Z,30260,30268
2023-06-17T19:15:00Z,30267,30250
2023-06-17T19:20:00Z,30249,30252
2023-06-17T19:25:00Z,30252,30257
2023-06-17T19:30:00Z,30257,30247
2023-06-17T19:35:00Z,30246,30262
2023-06-17T19:40:00Z,30261,30269
2023-06-17T19:45:00Z,30267,30271
2023-06-17T19:50:00Z,30270,30265
2023-06-17T19:55:00Z,30260,30263
2023-06-17T20:00:00Z,30263,30241
2023-06-17T20:05:00Z,30244,30278
2023-06-17T20:10:00Z,30282,30286
2023-06-17T20:15:00Z,30286,30285
2023-06-17T20:20:00Z,30285,30277
2023-06-17T20:25:00Z,30277,30271
2023-06-17T20:30:00Z,30271,30267
2023-06-17T20:35:00Z,30264,30262
2023-06-17T20:40:00Z,30260,30266
2023-06-17T20:45:00Z,30260,30256
2023-06-17T20:50:00Z,30256,30264
2023-06-17T20:55:00Z,30266,30273
2023-06-17T21:00:00Z,30273,30283
2023-06-17T21:05:00Z,30283,30286
2023-06-17T21:10:00Z,30286,30293
2023-06-17T21:15:00Z,30293,30290
2023-06-17T21:20:00Z,30293,30293
2023-06-17T21:25:00Z,30293,30293
2023-06-17T21:30:00Z,30293,30292
2023-06-17T21:35:00Z,30293,30297
2023-06-17T21:40:00Z,30297,30298
2023-06-17T21:45:00Z,30295,30308
2023-06-17T21:50:00Z,30308,30308
2023-06-17T21:55:00Z,30306,30312
2023-06-17T22:00:00Z,30312,30301
2023-06-17T22:05:00Z,30301,30295
2023-06-17T22:10:00Z,30296,30277
2023-06-17T22:15:00Z,30282,30287
2023-06-17T22:20:00Z,30286,30287
2023-06-17T22:25:00Z,30287,30292
2023-06-17T22:30:00Z,30291,30260
2023-06-17T22:35:00Z,30258,30270
2023-06-17T22:40:00Z,30270,30270
2023-06-17T22:45:00Z,30270,30281
2023-06-17T22:50:00Z,30280,30280
2023-06-17T22:55:00Z,30280,30282
2023-06-17T23:00:00Z,30282,30292
2023-06-17T23:05:00Z,30287,30287
2023-06-17T23:10:00Z,30287,30277
2023-06-17T23:15:00Z,30273,30267
2023-06-17T23:20:00Z,30266,30276
2023-06-17T23:25:00Z,30272,30275
2023-06-17T23:30:00Z,30277,30291
2023-06-17T23:35:00Z,30285,30286
2023-06-17T23:40:00Z,30288,30301
2023-06-17T23:45:00Z,30298,30285
2023-06-17T23:50:00Z,30284,30285
2023-06-17T23:55:00Z,30284,30277
2023-06-18T00:00:00Z,30273,30272
2023-06-18T00:05:00Z,30272,30263
2023-06-18T00:10:00Z,30262,30268
2023-06-18T00:15:00Z,30257,30283
2023-06-18T00:20:00Z,30283,30288
2023-06-18T00:25:00Z,30290,30290
2023-06-18T00:30:00Z,30290,30278
2023-06-18T00:35:00Z,30280,30274
2023-06-18T00:40:00Z,30274,30274
2023-06-18T00:45:00Z,30288,30287
2023-06-18T00:50:00Z,30285,30270
2023-06-18T00:55:00Z,30276,30280
2023-06-18T01:00:00Z,30280,30280
2023-06-18T01:05:00Z,30280,30278
2023-06-18T01:10:00Z,30279,30266
2023-06-18T01:15:00Z,30266,30272
2023-06-18T01:20:00Z,30272,30284
2023-06-18T01:25:00Z,30288,30294
2023-06-18T01:30:00Z,30292,30321
2023-06-18T01:35:00Z,30324,30320
2023-06-18T01:40:00Z,30317,30310
2023-06-18T01:45:00Z,30309,30326
2023-06-18T01:50:00Z,30327,30336
2023-06-18T01:55:00Z,30339,30342
2023-06-18T02:00:00Z,30342,30332
2023-06-18T02:05:00Z,30336,30357
2023-06-18T02:10:00Z,30356,30339
2023-06-18T02:15:00Z,30340,30320
2023-06-18T02:20:00Z,30320,30317
2023-06-18T02:25:00Z,30313,30319
2023-06-18T02:30:00Z,30319,30313
2023-06-18T02:35:00Z,30313,30311
2023-06-18T02:40:00Z,30309,30313
2023-06-18T02:45:00Z,30311,30298
2023-06-18T02:50:00Z,30302,30269
2023-06-18T02:55:00Z,30268,30272
2023-06-18T03:00:00Z,30266,30250
2023-06-18T03:05:00Z,30253,30202
2023-06-18T03:10:00Z,30209,30225
2023-06-18T03:15:00Z,30230,30232
2023-06-18T03:20:00Z,30233,30237
2023-06-18T03:25:00Z,30240,30244
2023-06-18T03:30:00Z,30244,30291
2023-06-18T03:35:00Z,30293,30379
2023-06-18T03:40:00Z,30378,30331
2023-06-18T03:45:00Z,30332,30331
2023-06-18T03:50:00Z,30328,30336
2023-06-18T03:55:00Z,30332,30350
2023-06-18T04:00:00Z,30344,30357
2023-06-18T04:05:00Z,30366,30367
2023-06-18T04:10:00Z,30364,30314
2023-06-18T04:15:00Z,30322,30313
2023-06-18T04:20:00Z,30320,30373
2023-06-18T04:25:00Z,30366,30352
2023-06-18T04:30:00Z,30348,30352
2023-06-18T04:35:00Z,30334,30344
2023-06-18T04:40:00Z,30348,30367
2023-06-18T04:45:00Z,30362,30355
2023-06-18T04:50:00Z,30352,30345
2023-06-18T04:55:00Z,30346,30359
2023-06-18T05:00:00Z,30355,30330
2023-06-18T05:05:00Z,30334,30330
2023-06-18T05:10:00Z,30329,30317
2023-06-18T05:15:00Z,30316,30310
2023-06-18T05:20:00Z,30309,30312
2023-06-18T05:25:00Z,30307,30301
2023-06-18T05:30:00Z,30309,30307
2023-06-18T05:35:00Z,30312,30308
2023-06-18T05:40:00Z,30320,30309
2023-06-18T05:45:00Z,30299,30306
2023-06-18T05:50:00Z,30309,30298
2023-06-18T05:55:00Z,30293,30297
2023-06-18T06:00:00Z,30293,30292
2023-06-18T06:05:00Z,30292,30285
2023-06-18T06:10:00Z,30275,30276
2023-06-18T06:15:00Z,30293,30267
2023-06-18T06:20:00Z,30266,30280
2023-06-18T06:25:00Z,30283,30267
2023-06-18T06:30:00Z,30275,30274
2023-06-18T06:35:00Z,30278,30276
2023-06-18T06:40:00Z,30285,30280
2023-06-18T06:45:00Z,30274,30279
2023-06-18T06:50:00Z,30278,30296
2023-06-18T06:55:00Z,30299,30299
2023-06-18T07:00:00Z,30300,30307
2023-06-18T07:05:00Z,30303,30312
2023-06-18T07:10:00Z,30310,30287
2023-06-18T07:15:00Z,30287,30284
2023-06-18T07:20:00Z,30280,30274
2023-06-18T07:25:00Z,30274,30276
2023-06-18T07:30:00Z,30272,30270
2023-06-18T07:35:00Z,30271,30272
2023-06-18T07:40:00Z,30279,30283
2023-06-18T07:45:00Z,30279,30275
2023-06-18T07:50:00Z,30275,30270
2023-06-18T07:55:00Z,30270,30269
2023-06-18T08:00:00Z,30269,30225
2023-06-18T08:05:00Z,30233,30224
2023-06-18T08:10:00Z,30222,30227
2023-06-18T08:15:00Z,30221,30247
2023-06-18T08:20:00Z,30245,30244
2023-06-18T08:25:00Z,30240,30266
2023-06-18T08:30:00Z,30255,30258
2023-06-18T08:35:00Z,30257,30252
2023-06-18T08:40:00Z,30256,30266
2023-06-18T08:45:00Z,30272,30262
2023-06-18T08:50:00Z,30260,30260
2023-06-18T08:55:00Z,30258,30249
2023-06-18T09:00:00Z,30249,30245
2023-06-18T09:05:00Z,30245,30241
2023-06-18T09:10:00Z,30246,30239
2023-06-18T09:15:00Z,30239,30261
2023-06-18T09:20:00Z,30257,30236
2023-06-18T09:25:00Z,30235,30230
2023-06-18T09:30:00Z,30226,30181
2023-06-18T09:35:00Z,30182,30218
2023-06-18T09:40:00Z,30222,30208
2023-06-18T09:45:00Z,30201,30190
2023-06-18T09:50:00Z,30201,30197
2023-06-18T09:55:00Z,30193,30207